Pclass,Sex,Age_clean,SibSp,Parch,Fare_clean,Cabin,Embarked_clean
-0.40865209698242655,0.7371245492832738,2.5707711109570557,-0.46406260750968653,-0.4684268733151033,-0.48383978066176553,0.4500641751983475,0.5453639872648541
0.8036824573987724,0.7371245492832738,-1.6736944501235522,2.6927454486708564,0.7949062092619934,-0.04699254494031309,0.4500641751983475,-0.3344679438512551
0.8036824573987724,0.7371245492832738,0.21273468813449584,-0.46406260750968653,-0.4684268733151033,0.5949864252333638,0.4500641751983475,0.5453639872648541
0.8036824573987724,-1.3566228407021954,-0.7304798809945282,0.32513940653544915,-0.4684268733151033,-0.49967182813086514,0.4500641751983475,0.5453639872648541
-0.40865209698242655,-1.3566228407021954,-0.10167016824184551,-0.46406260750968653,-0.4684268733151033,-0.42520256781324844,0.4500641751983475,0.5453639872648541
0.8036824573987724,-1.3566228407021954,-0.6518786669004428,-0.46406260750968653,-0.4684268733151033,-0.5483407147951344,0.4500641751983475,-0.3344679438512551
0.8036824573987724,0.7371245492832738,0.6057407586049225,1.1143414205805848,-0.4684268733151033,-0.5442361098957381,0.4500641751983475,0.5453639872648541
0.8036824573987724,-1.3566228407021954,-0.9662835232767842,-0.46406260750968653,-0.4684268733151033,-0.39099830881445147,0.4500641751983475,-2.0941318060834737
0.8036824573987724,-1.3566228407021954,0.03188254170566333,-0.46406260750968653,-0.4684268733151033,-0.5483407147951344,0.4500641751983475,-0.3344679438512551
-1.6209866513636255,0.7371245492832738,1.3131516854516905,0.32513940653544915,-0.4684268733151033,0.7047365237776761,-0.2424619588378379,0.5453639872648541
0.8036824573987724,0.7371245492832738,0.03188254170566333,-0.46406260750968653,-0.4684268733151033,-0.3759473090204941,0.4500641751983475,0.5453639872648541
0.8036824573987724,0.7371245492832738,-0.41607502461818685,-0.46406260750968653,-0.4684268733151033,-0.5413042492533122,0.4500641751983475,0.5453639872648541
-1.6209866513636255,0.7371245492832738,-0.023068954147760175,0.32513940653544915,-0.4684268733151033,0.8319792756589581,-1.9322257258861302,0.5453639872648541
-1.6209866513636255,-1.3566228407021954,2.099163826392544,-0.46406260750968653,0.7949062092619934,1.2203523002627985,-1.6829163176331035,-2.0941318060834737
-0.40865209698242655,0.7371245492832738,0.13413347404041048,0.32513940653544915,0.7949062092619934,0.13781318605010123,0.4500641751983475,-2.0941318060834737
0.8036824573987724,0.7371245492832738,0.03188254170566333,-0.46406260750968653,-0.4684268733151033,-0.5483407147951344,0.4500641751983475,-0.3344679438512551
-0.40865209698242655,0.7371245492832738,0.21273468813449584,0.32513940653544915,-0.4684268733151033,-0.12028906100095947,0.4500641751983475,0.5453639872648541
0.8036824573987724,0.7371245492832738,0.2913359022285812,0.32513940653544915,0.7949062092619934,-0.24870455713921197,0.4500641751983475,0.5453639872648541
0.8036824573987724,0.7371245492832738,2.3349674686748,-0.46406260750968653,-0.4684268733151033,-0.5600681573648377,0.4500641751983475,0.5453639872648541
-1.6209866513636255,-1.3566228407021954,2.2563662545807146,-0.46406260750968653,-0.4684268733151033,-0.10738887417428569,-2.2646382702234993,0.5453639872648541
0.8036824573987724,-1.3566228407021954,0.03188254170566333,0.32513940653544915,-0.4684268733151033,-0.35249242388108715,0.4500641751983475,0.5453639872648541
-0.40865209698242655,-1.3566228407021954,-2.066700520593979,0.32513940653544915,2.05823929183909,0.24511928556288762,0.4500641751983475,-2.0941318060834737
0.8036824573987724,0.7371245492832738,0.03188254170566333,-0.46406260750968653,-0.4684268733151033,-0.5449209925418088,0.4500641751983475,-2.0941318060834737
-1.6209866513636255,-1.3566228407021954,-1.0448847373708696,-0.46406260750968653,0.7949062092619934,0.6297794018491598,-3.1510717217898163,-2.0941318060834737
0.8036824573987724,-1.3566228407021954,1.2345504713576052,0.32513940653544915,4.584905456993283,-0.0757247792360865,0.4500641751983475,0.5453639872648541
-1.6209866513636255,-1.3566228407021954,1.0773480431694344,-0.46406260750968653,0.7949062092619934,4.226780713523857,-3.0125664949825794,0.5453639872648541
-1.6209866513636255,-1.3566228407021954,0.05553225994632516,-0.46406260750968653,-0.4684268733151033,1.7660700763358357,0.4500641751983475,-2.0941318060834737
0.8036824573987724,0.7371245492832738,-0.062369561194802844,-0.46406260750968653,-0.4684268733151033,-0.35249242388108715,0.4500641751983475,0.5453639872648541
0.8036824573987724,0.7371245492832738,-0.41607502461818685,-0.46406260750968653,-0.4684268733151033,-0.5472664810557495,0.4500641751983475,0.5453639872648541
-0.40865209698242655,0.7371245492832738,0.05553225994632516,-0.46406260750968653,-0.4684268733151033,-0.42520256781324844,0.4500641751983475,0.5453639872648541
-1.6209866513636255,0.7371245492832738,0.5271395445108372,-0.46406260750968653,-0.4684268733151033,0.21101119159316217,-3.6219894929344223,-2.0941318060834737
0.8036824573987724,0.7371245492832738,-0.3374738105241015,-0.46406260750968653,-0.4684268733151033,-0.5647591343927191,0.4500641751983475,0.5453639872648541
0.8036824573987724,-1.3566228407021954,0.03188254170566333,-0.46406260750968653,2.05823929183909,-0.5483407147951344,0.4500641751983475,-0.3344679438512551
-1.6209866513636255,-1.3566228407021954,1.6275565418280318,-0.46406260750968653,-0.4684268733151033,-0.05666768506031844,-1.710617362994551,-2.0941318060834737
0.8036824573987724,-1.3566228407021954,-2.243553252305671,1.1143414205805848,0.7949062092619934,-0.2784148601452986,0.4500641751983475,-2.0941318060834737
-1.6209866513636255,-1.3566228407021954,-0.41607502461818685,-0.46406260750968653,-0.4684268733151033,0.43099925029268676,-1.2951016825728396,-2.0941318060834737
-0.40865209698242655,-1.3566228407021954,-0.41607502461818685,0.32513940653544915,2.05823929183909,0.7944514594359073,0.4500641751983475,0.5453639872648541
-1.6209866513636255,-1.3566228407021954,0.44853833041675184,0.32513940653544915,-0.4684268733151033,0.48953795262361843,0.4500641751983475,0.5453639872648541
-1.6209866513636255,-1.3566228407021954,0.05553225994632516,-0.46406260750968653,-0.4684268733151033,1.2987314899331543,-2.513947678476526,0.5453639872648541
-0.40865209698242655,0.7371245492832738,-0.4946762387122722,-0.46406260750968653,-0.4684268733151033,-0.42520256781324844,0.4500641751983475,0.5453639872648541
0.8036824573987724,0.7371245492832738,0.03188254170566333,-0.46406260750968653,-0.4684268733151033,-0.5449209925418088,0.4500641751983475,0.5453639872648541
-0.40865209698242655,0.7371245492832738,-0.18027138233593085,-0.46406260750968653,-0.4684268733151033,-0.12028906100095947,0.4500641751983475,0.5453639872648541
-0.40865209698242655,-1.3566228407021954,2.0205626122984586,-0.46406260750968653,-0.4684268733151033,-0.3548379123950279,0.4500641751983475,0.5453639872648541
-1.6209866513636255,-1.3566228407021954,0.44853833041675184,0.32513940653544915,-0.4684268733151033,0.515338326276966,-2.0984319980548145,0.5453639872648541
0.8036824573987724,0.7371245492832738,0.03188254170566333,-0.46406260750968653,-0.4684268733151033,-0.5692554358739434,0.4500641751983475,-0.3344679438512551
-1.6209866513636255,-1.3566228407021954,0.03188254170566333,-0.46406260750968653,-0.4684268733151033,1.1275108284154844,0.4500641751983475,-2.0941318060834737
0.8036824573987724,0.7371245492832738,0.03188254170566333,0.32513940653544915,-0.4684268733151033,-0.26179941951254276,0.4500641751983475,0.5453639872648541
-0.40865209698242655,-1.3566228407021954,-0.4946762387122722,-0.46406260750968653,-0.4684268733151033,-0.40663333524837997,-1.128895410404155,-2.0941318060834737
0.8036824573987724,-1.3566228407021954,0.03188254170566333,-0.46406260750968653,-0.4684268733151033,-0.5487324113769625,0.4500641751983475,-0.3344679438512551
-1.6209866513636255,-1.3566228407021954,-0.4946762387122722,0.32513940653544915,-0.4684268733151033,1.9267360395407727,-0.7687818207053387,-2.0941318060834737
0.8036824573987724,0.7371245492832738,1.7061577559221173,-0.46406260750968653,-0.4684268733151033,-0.5413042492533122,0.4500641751983475,0.5453639872648541
-0.40865209698242655,-1.3566228407021954,0.2913359022285812,-0.46406260750968653,2.05823929183909,-0.12028906100095947,0.4500641751983475,0.5453639872648541
0.8036824573987724,-1.3566228407021954,-0.023068954147760175,-0.46406260750968653,4.584905456993283,-0.23580437031253818,0.4500641751983475,0.5453639872648541
0.8036824573987724,0.7371245492832738,0.03188254170566333,-0.46406260750968653,-0.4684268733151033,-0.5449209925418088,0.4500641751983475,-2.0941318060834737
0.8036824573987724,0.7371245492832738,0.03188254170566333,5.849553504851398,2.05823929183909,0.9011711868202084,0.4500641751983475,0.5453639872648541
-0.40865209698242655,-1.3566228407021954,-2.145301734688064,0.32513940653544915,0.7949062092619934,-0.12028906100095947,0.4500641751983475,0.5453639872648541
-0.40865209698242655,-1.3566228407021954,-1.2020871655590402,0.32513940653544915,-0.4684268733151033,-0.02480891457546213,0.4500641751983475,-2.0941318060834737
-0.40865209698242655,0.7371245492832738,1.9419613982043733,0.32513940653544915,-0.4684268733151033,-0.12028906100095947,0.4500641751983475,0.5453639872648541
0.8036824573987724,-1.3566228407021954,-1.123485951464955,-0.46406260750968653,-0.4684268733151033,-0.541792110864212,0.4500641751983475,-0.3344679438512551
-1.6209866513636255,-1.3566228407021954,-0.5732774528063576,-0.46406260750968653,0.7949062092619934,0.559902608041839,-0.21476091347639045,0.5453639872648541
-0.40865209698242655,0.7371245492832738,-0.18027138233593085,-0.46406260750968653,-0.4684268733151033,-0.42520256781324844,0.4500641751983475,0.5453639872648541
0.8036824573987724,0.7371245492832738,0.03188254170566333,-0.46406260750968653,-0.4684268733151033,-0.5449209925418088,0.4500641751983475,0.5453639872648541
-1.6209866513636255,0.7371245492832738,0.03188254170566333,-0.46406260750968653,-0.4684268733151033,0.19869737689497363,0.4500641751983475,-2.0941318060834737
-0.40865209698242655,-1.3566228407021954,-0.10167016824184551,0.32513940653544915,-0.4684268733151033,-0.16719883127977314,0.4500641751983475,-2.0941318060834737
0.8036824573987724,0.7371245492832738,0.7629431867930931,-0.46406260750968653,-0.4684268733151033,-0.5442361098957381,0.4500641751983475,0.5453639872648541
-0.40865209698242655,0.7371245492832738,-2.145301734688064,0.32513940653544915,0.7949062092619934,-0.12028906100095947,0.283857903029663,0.5453639872648541
0.8036824573987724,0.7371245492832738,-0.41607502461818685,0.32513940653544915,-0.4684268733151033,-0.35249242388108715,0.4500641751983475,0.5453639872648541
0.8036824573987724,0.7371245492832738,0.21273468813449584,-0.46406260750968653,-0.4684268733151033,-0.5449209925418088,0.4500641751983475,0.5453639872648541
0.8036824573987724,0.7371245492832738,1.273851078404648,-0.46406260750968653,-0.4684268733151033,-0.560654529493323,0.4500641751983475,-2.0941318060834737
-0.40865209698242655,-1.3566228407021954,-1.6736944501235522,-0.46406260750968653,2.05823929183909,-0.11442533971610776,0.4500641751983475,0.5453639872648541
0.8036824573987724,0.7371245492832738,-0.2588725964300162,0.32513940653544915,2.05823929183909,-0.2475318128822416,0.4500641751983475,0.5453639872648541
-1.6209866513636255,-1.3566228407021954,-0.023068954147760175,-0.46406260750968653,-0.4684268733151033,4.226780713523857,-2.7355560413681053,0.5453639872648541
-0.40865209698242655,-1.3566228407021954,1.2345504713576052,0.32513940653544915,0.7949062092619934,-0.11442533971610776,0.4500641751983475,0.5453639872648541
0.8036824573987724,-1.3566228407021954,0.5271395445108372,0.32513940653544915,-0.4684268733151033,-0.3220010731998583,0.4500641751983475,0.5453639872648541
-1.6209866513636255,0.7371245492832738,0.03188254170566333,-0.46406260750968653,-0.4684268733151033,-0.12028906100095947,-3.5388863568500804,0.5453639872648541
0.8036824573987724,-1.3566228407021954,-1.9880993064998935,-0.46406260750968653,2.05823929183909,-0.2135222294301017,0.4500641751983475,0.5453639872648541
-0.40865209698242655,0.7371245492832738,-1.0448847373708696,-0.46406260750968653,-0.4684268733151033,-0.12028906100095947,0.4500641751983475,0.5453639872648541
-1.6209866513636255,0.7371245492832738,2.2563662545807146,-0.46406260750968653,-0.4684268733151033,-0.03350598598515417,-2.929463358898237,-2.0941318060834737
0.8036824573987724,0.7371245492832738,0.8808450079342212,-0.46406260750968653,2.05823929183909,-0.39002024010413816,0.4500641751983475,0.5453639872648541
0.8036824573987724,0.7371245492832738,-0.3374738105241015,-0.46406260750968653,-0.4684268733151033,-0.550686203309075,0.2561568576682156,0.5453639872648541
0.8036824573987724,0.7371245492832738,0.03188254170566333,-0.46406260750968653,-0.4684268733151033,-0.5449209925418088,0.4500641751983475,0.5453639872648541
0.8036824573987724,0.7371245492832738,1.7061577559221173,-0.46406260750968653,-0.4684268733151033,-0.5646606238751337,0.4500641751983475,0.5453639872648541
-0.40865209698242655,0.7371245492832738,0.03188254170566333,-0.46406260750968653,-0.4684268733151033,-0.7301160746255374,0.4500641751983475,0.5453639872648541
0.8036824573987724,-1.3566228407021954,-0.9662835232767842,2.6927454486708564,2.05823929183909,-0.5442361098957381,0.4500641751983475,0.5453639872648541
0.8036824573987724,0.7371245492832738,0.03188254170566333,-0.46406260750968653,-0.4684268733151033,-0.5671046229066599,0.4500641751983475,-0.3344679438512551
0.8036824573987724,0.7371245492832738,0.8415444008871785,0.32513940653544915,0.7949062092619934,-0.3665653549647313,0.4500641751983475,-0.3344679438512551
0.8036824573987724,0.7371245492832738,-0.3374738105241015,-0.46406260750968653,-0.4684268733151033,-0.7301160746255374,0.4500641751983475,0.5453639872648541
-1.6209866513636255,0.7371245492832738,1.391752899545776,-0.46406260750968653,-0.4684268733151033,-0.12996420112096482,0.034548494776636275,0.5453639872648541
-1.6209866513636255,0.7371245492832738,0.03188254170566333,-0.46406260750968653,-0.4684268733151033,-0.10738887417428569,-2.070730952693367,0.5453639872648541
-0.40865209698242655,0.7371245492832738,1.15594925726352,0.32513940653544915,-0.4684268733151033,-0.12028906100095947,0.4500641751983475,0.5453639872648541
-1.6209866513636255,-1.3566228407021954,-0.4946762387122722,1.9035434346257205,2.05823929183909,5.110296214472342,-1.8768236351632352,0.5453639872648541
-0.40865209698242655,0.7371245492832738,-0.8876823091826989,-0.46406260750968653,-0.4684268733151033,-0.4603848955223587,0.4500641751983475,0.5453639872648541
-0.40865209698242655,0.7371245492832738,-0.023068954147760175,0.32513940653544915,-0.4684268733151033,-0.23756348669799368,0.4500641751983475,0.5453639872648541
0.8036824573987724,0.7371245492832738,-1.359289593747211,0.32513940653544915,-0.4684268733151033,-0.4664432923538675,0.4500641751983475,-2.0941318060834737
0.8036824573987724,0.7371245492832738,-1.4378908078412962,-0.46406260750968653,-0.4684268733151033,-0.28945742006893127,0.4500641751983475,-2.0941318060834737
0.8036824573987724,-1.3566228407021954,-0.5732774528063576,-0.46406260750968653,-0.4684268733151033,-0.5483407147951344,0.4500641751983475,-0.3344679438512551
-0.40865209698242655,0.7371245492832738,-0.8090810950886135,-0.46406260750968653,-0.4684268733151033,-0.48383978066176553,0.4500641751983475,0.5453639872648541
0.8036824573987724,0.7371245492832738,-0.5732774528063576,0.32513940653544915,-0.4684268733151033,-0.5600681573648377,0.4500641751983475,0.5453639872648541
0.8036824573987724,0.7371245492832738,0.2913359022285812,-0.46406260750968653,-0.4684268733151033,-0.5449209925418088,0.4500641751983475,0.5453639872648541
-1.6209866513636255,0.7371245492832738,2.099163826392544,-0.46406260750968653,-0.4684268733151033,-0.10738887417428569,0.4500641751983475,0.5453639872648541
-0.40865209698242655,0.7371245492832738,-2.2239029487821496,-0.46406260750968653,2.05823929183909,0.13781318605010123,0.4500641751983475,-2.0941318060834737
0.8036824573987724,0.7371245492832738,-0.5732774528063576,-0.46406260750968653,-0.4684268733151033,-0.5472664810557495,0.4500641751983475,0.5453639872648541
0.8036824573987724,0.7371245492832738,0.03188254170566333,-0.46406260750968653,-0.4684268733151033,-0.5605560189757375,0.4500641751983475,-2.0941318060834737
0.8036824573987724,0.7371245492832738,0.03188254170566333,-0.46406260750968653,-0.4684268733151033,-0.5483407147951344,0.4500641751983475,-0.3344679438512551
0.8036824573987724,0.7371245492832738,-1.7522956642176375,2.6927454486708564,0.7949062092619934,-0.04699254494031309,0.4500641751983475,-0.3344679438512551
0.8036824573987724,-1.3566228407021954,-1.9880993064998935,-0.46406260750968653,0.7949062092619934,-0.41542891717565755,0.4500641751983475,-2.0941318060834737
0.8036824573987724,0.7371245492832738,2.8065747532393117,-0.46406260750968653,-0.4684268733151033,-0.5483407147951344,0.4500641751983475,-0.3344679438512551
-0.40865209698242655,0.7371245492832738,-0.8876823091826989,-0.46406260750968653,-0.4684268733151033,-0.42520256781324844,0.4500641751983475,0.5453639872648541
0.8036824573987724,0.7371245492832738,-0.7304798809945282,0.32513940653544915,0.7949062092619934,-0.3608963092265367,0.4500641751983475,-2.0941318060834737
-0.40865209698242655,0.7371245492832738,-0.41607502461818685,1.1143414205805848,-0.4684268733151033,0.9938179831208654,0.4500641751983475,0.5453639872648541
0.8036824573987724,0.7371245492832738,0.03188254170566333,-0.46406260750968653,-0.4684268733151033,-0.560654529493323,0.4500641751983475,-2.0941318060834737
-0.40865209698242655,-1.3566228407021954,0.3699371163226665,-0.46406260750968653,-0.4684268733151033,-0.48383978066176553,0.3115589483911104,0.5453639872648541
0.8036824573987724,-1.3566228407021954,0.03188254170566333,-0.46406260750968653,-0.4684268733151033,-0.5483407147951344,0.4500641751983475,-0.3344679438512551
-1.6209866513636255,-1.3566228407021954,0.13413347404041048,-0.46406260750968653,2.05823929183909,3.136813437187509,-1.516710045464419,0.5453639872648541
0.8036824573987724,0.7371245492832738,0.05553225994632516,-0.46406260750968653,-0.4684268733151033,-0.5449209925418088,0.4500641751983475,0.5453639872648541
-0.40865209698242655,0.7371245492832738,-0.8876823091826989,-0.46406260750968653,-0.4684268733151033,-0.4603848955223587,0.4500641751983475,0.5453639872648541
0.8036824573987724,-1.3566228407021954,-1.595093236029467,1.9035434346257205,2.05823929183909,-0.0757247792360865,0.4500641751983475,0.5453639872648541
-1.6209866513636255,-1.3566228407021954,0.7629431867930931,0.32513940653544915,0.7949062092619934,1.1380655267282176,0.08995058549953111,0.5453639872648541
-1.6209866513636255,-1.3566228407021954,0.2913359022285812,0.32513940653544915,-0.4684268733151033,0.515338326276966,0.17305372158387336,0.5453639872648541
-1.6209866513636255,0.7371245492832738,2.8065747532393117,0.32513940653544915,0.7949062092619934,0.9351807702723484,-3.0679685857054744,0.5453639872648541
-1.6209866513636255,-1.3566228407021954,-0.41607502461818685,-0.46406260750968653,-0.4684268733151033,0.8953074655353567,-2.9571644042596845,-2.0941318060834737
-1.6209866513636255,-1.3566228407021954,2.2563662545807146,-0.46406260750968653,0.7949062092619934,2.8693292360806852,-2.04302990733192,0.5453639872648541
0.8036824573987724,0.7371245492832738,-0.6518786669004428,-0.46406260750968653,-0.4684268733151033,-0.5458967157636082,0.4500641751983475,0.5453639872648541
-1.6209866513636255,-1.3566228407021954,-0.9662835232767842,0.32513940653544915,-0.4684268733151033,1.8241209170558679,-1.5721121361873138,-2.0941318060834737
0.8036824573987724,-1.3566228407021954,-0.10167016824184551,0.32513940653544915,0.7949062092619934,-0.3923657286180788,0.4500641751983475,0.5453639872648541
-1.6209866513636255,-1.3566228407021954,-0.41607502461818685,-0.46406260750968653,-0.4684268733151033,1.2203523002627985,-1.6275142269102085,-2.0941318060834737
0.8036824573987724,0.7371245492832738,0.03188254170566333,-0.46406260750968653,-0.4684268733151033,-0.560654529493323,0.4500641751983475,-2.0941318060834737
0.8036824573987724,0.7371245492832738,0.03188254170566333,0.32513940653544915,-0.4684268733151033,-0.3665653549647313,0.4500641751983475,-0.3344679438512551
0.8036824573987724,0.7371245492832738,0.9987468290753492,-0.46406260750968653,-0.4684268733151033,-0.5269381321054256,0.4500641751983475,0.5453639872648541
0.8036824573987724,0.7371245492832738,-0.8876823091826989,0.32513940653544915,-0.4684268733151033,-0.5777578317369785,0.4500641751983475,0.5453639872648541
0.8036824573987724,-1.3566228407021954,-2.145301734688064,-0.46406260750968653,0.7949062092619934,-0.44191417347507583,0.4500641751983475,0.5453639872648541
-0.40865209698242655,-1.3566228407021954,0.3699371163226665,-0.46406260750968653,-0.4684268733151033,-0.42520256781324844,0.4500641751983475,0.5453639872648541
0.8036824573987724,0.7371245492832738,-2.066700520593979,2.6927454486708564,2.05823929183909,0.006074132687594878,0.4500641751983475,0.5453639872648541
-1.6209866513636255,-1.3566228407021954,2.2563662545807146,-0.46406260750968653,-0.4684268733151033,2.7065124599084647,-2.4308445423921836,-2.0941318060834737
0.8036824573987724,0.7371245492832738,0.21273468813449584,-0.46406260750968653,-0.4684268733151033,-0.5483407147951344,0.4500641751983475,-0.3344679438512551
0.8036824573987724,0.7371245492832738,0.13413347404041048,-0.46406260750968653,-0.4684268733151033,-0.5442361098957381,0.4500641751983475,0.5453639872648541
0.8036824573987724,0.7371245492832738,0.03188254170566333,-0.46406260750968653,-0.4684268733151033,-0.5477543426666491,0.4500641751983475,0.5453639872648541
-0.40865209698242655,-1.3566228407021954,-0.18027138233593085,0.32513940653544915,-0.4684268733151033,-0.4050712398980955,0.4500641751983475,-2.0941318060834737
0.8036824573987724,0.7371245492832738,-1.4378908078412962,3.4819474627159916,2.05823929183909,0.3699180384126435,0.4500641751983475,0.5453639872648541
-0.40865209698242655,0.7371245492832738,-0.4946762387122722,-0.46406260750968653,-0.4684268733151033,-0.42520256781324844,0.4500641751983475,0.5453639872648541
-1.6209866513636255,0.7371245492832738,0.8415444008871785,-0.46406260750968653,-0.4684268733151033,-0.7301160746255374,-2.3477414063078412,0.5453639872648541
0.8036824573987724,0.7371245492832738,0.03188254170566333,-0.46406260750968653,-0.4684268733151033,-0.5605560189757375,0.4500641751983475,-2.0941318060834737
0.8036824573987724,-1.3566228407021954,-0.10167016824184551,-0.46406260750968653,-0.4684268733151033,-0.5449209925418088,0.4500641751983475,0.5453639872648541
-0.40865209698242655,-1.3566228407021954,-0.10167016824184551,-0.46406260750968653,-0.4684268733151033,-0.42520256781324844,0.4500641751983475,0.5453639872648541
0.8036824573987724,0.7371245492832738,0.03188254170566333,0.32513940653544915,-0.4684268733151033,-0.26179941951254276,0.4500641751983475,0.5453639872648541
0.8036824573987724,0.7371245492832738,-0.8090810950886135,-0.46406260750968653,-0.4684268733151033,-0.49156112884965825,0.4500641751983475,0.5453639872648541
0.8036824573987724,-1.3566228407021954,0.05553225994632516,0.32513940653544915,0.7949062092619934,-0.16368059850886216,0.4500641751983475,0.5453639872648541
0.8036824573987724,0.7371245492832738,-0.7304798809945282,-0.46406260750968653,-0.4684268733151033,-0.5458967157636082,0.4500641751983475,0.5453639872648541
0.8036824573987724,0.7371245492832738,-0.10167016824184551,-0.46406260750968653,-0.4684268733151033,0.5949864252333638,0.4500641751983475,0.5453639872648541
0.8036824573987724,0.7371245492832738,0.5271395445108372,-0.46406260750968653,-0.4684268733151033,-0.7301160746255374,0.4500641751983475,0.5453639872648541
0.8036824573987724,0.7371245492832738,0.03188254170566333,-0.46406260750968653,-0.4684268733151033,-0.5413042492533122,0.4500641751983475,0.5453639872648541
-1.6209866513636255,-1.3566228407021954,-0.41607502461818685,1.9035434346257205,2.05823929183909,5.110296214472342,-1.8768236351632352,0.5453639872648541
0.8036824573987724,0.7371245492832738,-0.062369561194802844,-0.46406260750968653,-0.4684268733151033,-0.5605560189757375,0.4500641751983475,-2.0941318060834737
0.8036824573987724,-1.3566228407021954,-0.41607502461818685,-0.46406260750968653,3.3215723744161862,-0.2784148601452986,0.4500641751983475,-2.0941318060834737
-0.40865209698242655,0.7371245492832738,0.9987468290753492,-0.46406260750968653,-0.4684268733151033,-0.42520256781324844,0.4500641751983475,0.5453639872648541
-1.6209866513636255,0.7371245492832738,1.9419613982043733,-0.46406260750968653,0.7949062092619934,1.0826533605863689,-0.9072870475125758,0.5453639872648541
0.8036824573987724,0.7371245492832738,-0.3374738105241015,-0.46406260750968653,-0.4684268733151033,-0.5485353903417914,0.4500641751983475,-0.3344679438512551
0.8036824573987724,0.7371245492832738,-1.7522956642176375,2.6927454486708564,0.7949062092619934,0.2007496793446717,0.4500641751983475,0.5453639872648541
0.8036824573987724,0.7371245492832738,-0.3374738105241015,0.32513940653544915,-0.4684268733151033,-0.31261911914409557,0.4500641751983475,0.5453639872648541
0.8036824573987724,-1.3566228407021954,-0.18027138233593085,-0.46406260750968653,0.7949062092619934,-0.43751638251143704,-0.3532661402836275,0.5453639872648541
0.8036824573987724,-1.3566228407021954,-0.41607502461818685,0.32513940653544915,-0.4684268733151033,-0.35835614516593894,0.4500641751983475,0.5453639872648541
0.8036824573987724,0.7371245492832738,0.03188254170566333,-0.46406260750968653,-0.4684268733151033,-0.5600681573648377,0.4500641751983475,0.5453639872648541
-0.40865209698242655,-1.3566228407021954,-0.10167016824184551,-0.46406260750968653,-0.4684268733151033,-0.43341177761204075,0.4500641751983475,0.5453639872648541
0.8036824573987724,0.7371245492832738,-0.8090810950886135,-0.46406260750968653,-0.4684268733151033,-0.39002024010413816,0.4500641751983475,0.5453639872648541
0.8036824573987724,0.7371245492832738,-0.5732774528063576,-0.46406260750968653,-0.4684268733151033,-0.5600681573648377,0.4500641751983475,0.5453639872648541
0.8036824573987724,-1.3566228407021954,0.03188254170566333,-0.46406260750968653,-0.4684268733151033,-0.560654529493323,0.4500641751983475,-2.0941318060834737
0.8036824573987724,-1.3566228407021954,0.03188254170566333,5.849553504851398,2.05823929183909,0.9011711868202084,0.4500641751983475,0.5453639872648541
-1.6209866513636255,0.7371245492832738,0.9987468290753492,-0.46406260750968653,-0.4684268733151033,-0.11354578152337996,-0.2978640495607327,0.5453639872648541
-0.40865209698242655,0.7371245492832738,1.6275565418280318,-0.46406260750968653,-0.4684268733151033,-0.42520256781324844,0.4500641751983475,0.5453639872648541
-0.40865209698242655,0.7371245492832738,-2.066700520593979,0.32513940653544915,0.7949062092619934,-0.29033697826165905,0.4500641751983475,0.5453639872648541
-1.6209866513636255,0.7371245492832738,0.03188254170566333,-0.46406260750968653,-0.4684268733151033,4.606456666718005,0.4500641751983475,-2.0941318060834737
0.8036824573987724,-1.3566228407021954,-0.8876823091826989,1.1143414205805848,-0.4684268733151033,-0.3079281421162142,0.4500641751983475,0.5453639872648541
0.8036824573987724,0.7371245492832738,-0.8876823091826989,0.32513940653544915,0.7949062092619934,-0.5458967157636082,0.4500641751983475,0.5453639872648541
-1.6209866513636255,0.7371245492832738,1.15594925726352,1.1143414205805848,-0.4684268733151033,1.3808235879210784,-1.4613079547415242,-0.3344679438512551
-1.6209866513636255,0.7371245492832738,0.03188254170566333,-0.46406260750968653,-0.4684268733151033,-0.0264695204433321,-0.7133797299824439,0.5453639872648541
-1.6209866513636255,0.7371245492832738,0.03188254170566333,-0.46406260750968653,-0.4684268733151033,0.26437105528531274,0.4500641751983475,0.5453639872648541
0.8036824573987724,0.7371245492832738,0.03188254170566333,0.32513940653544915,-0.4684268733151033,-0.16368059850886216,0.4500641751983475,-0.3344679438512551
0.8036824573987724,0.7371245492832738,-1.0448847373708696,-0.46406260750968653,-0.4684268733151033,-0.5477543426666491,0.4500641751983475,0.5453639872648541
0.8036824573987724,0.7371245492832738,0.03188254170566333,-0.46406260750968653,-0.4684268733151033,-0.5586022270436248,0.4500641751983475,0.5453639872648541
0.8036824573987724,0.7371245492832738,-0.5732774528063576,-0.46406260750968653,-0.4684268733151033,-0.5449209925418088,0.4500641751983475,0.5453639872648541
-0.40865209698242655,-1.3566228407021954,-1.9880993064998935,0.32513940653544915,0.7949062092619934,-0.19065371641918,0.4500641751983475,0.5453639872648541
-0.40865209698242655,0.7371245492832738,0.03188254170566333,-0.46406260750968653,-0.4684268733151033,-0.42520256781324844,0.4500641751983475,0.5453639872648541
0.8036824573987724,0.7371245492832738,-0.41607502461818685,-0.46406260750968653,-0.4684268733151033,-0.5626083214254355,0.4500641751983475,0.5453639872648541
-0.40865209698242655,-1.3566228407021954,0.05553225994632516,-0.46406260750968653,-0.4684268733151033,-0.44044824315386294,0.4500641751983475,-0.3344679438512551
0.8036824573987724,-1.3566228407021954,-0.023068954147760175,-0.46406260750968653,2.05823929183909,-0.3725275867671686,0.4500641751983475,-2.0941318060834737
0.8036824573987724,0.7371245492832738,-0.41607502461818685,-0.46406260750968653,-0.4684268733151033,-0.5072946658011723,0.4500641751983475,0.5453639872648541
-1.6209866513636255,-1.3566228407021954,1.2345504713576052,0.32513940653544915,0.7949062092619934,3.136813437187509,0.4500641751983475,0.5453639872648541
-0.40865209698242655,-1.3566228407021954,0.21273468813449584,-0.46406260750968653,-0.4684268733151033,-0.42520256781324844,0.4500641751983475,0.5453639872648541
0.8036824573987724,0.7371245492832738,-0.6518786669004428,-0.46406260750968653,-0.4684268733151033,-0.5442361098957381,0.4500641751983475,0.5453639872648541
-1.6209866513636255,0.7371245492832738,0.44853833041675184,-0.46406260750968653,-0.4684268733151033,5.110296214472342,-3.2064738125127112,-2.0941318060834737
0.8036824573987724,-1.3566228407021954,0.03188254170566333,5.849553504851398,2.05823929183909,0.9011711868202084,0.4500641751983475,0.5453639872648541
0.8036824573987724,0.7371245492832738,0.03188254170566333,1.1143414205805848,-0.4684268733151033,-0.18478999513432828,0.4500641751983475,-0.3344679438512551
-1.6209866513636255,0.7371245492832738,0.5271395445108372,-0.46406260750968653,0.7949062092619934,5.110296214472342,-2.6801539506452103,-2.0941318060834737
0.8036824573987724,-1.3566228407021954,0.9201456149812639,-0.46406260750968653,5.84823853957038,0.2007496793446717,0.4500641751983475,0.5453639872648541
0.8036824573987724,-1.3566228407021954,-0.4946762387122722,-0.46406260750968653,-0.4684268733151033,-0.5530316918230157,0.4500641751983475,0.5453639872648541
0.8036824573987724,0.7371245492832738,0.3699371163226665,0.32513940653544915,0.7949062092619934,-0.3923657286180788,0.4500641751983475,0.5453639872648541
-0.40865209698242655,-1.3566228407021954,0.03188254170566333,-0.46406260750968653,-0.4684268733151033,0.04389513497488843,0.4500641751983475,0.5453639872648541
0.8036824573987724,0.7371245492832738,0.03188254170566333,-0.46406260750968653,-0.4684268733151033,-0.16368059850886216,0.4500641751983475,-0.3344679438512551
0.8036824573987724,-1.3566228407021954,-1.123485951464955,-0.46406260750968653,-0.4684268733151033,-0.560654529493323,0.4500641751983475,-2.0941318060834737
0.8036824573987724,0.7371245492832738,0.03188254170566333,-0.46406260750968653,-0.4684268733151033,-0.5413042492533122,0.4500641751983475,0.5453639872648541
0.8036824573987724,-1.3566228407021954,-0.8876823091826989,-0.46406260750968653,-0.4684268733151033,-0.5477543426666491,0.4500641751983475,0.5453639872648541
0.8036824573987724,0.7371245492832738,0.05553225994632516,-0.46406260750968653,-0.4684268733151033,-0.5413042492533122,0.4500641751983475,0.5453639872648541
-0.40865209698242655,0.7371245492832738,0.21273468813449584,1.1143414205805848,-0.4684268733151033,0.9938179831208654,0.4500641751983475,0.5453639872648541
0.8036824573987724,0.7371245492832738,-1.9880993064998935,2.6927454486708564,0.7949062092619934,-0.04699254494031309,0.4500641751983475,-0.3344679438512551
0.8036824573987724,0.7371245492832738,-2.145301734688064,2.6927454486708564,0.7949062092619934,-0.04699254494031309,0.4500641751983475,-0.3344679438512551
0.8036824573987724,0.7371245492832738,0.03188254170566333,-0.46406260750968653,-0.4684268733151033,-0.5413042492533122,0.4500641751983475,0.5453639872648541
0.8036824573987724,0.7371245492832738,0.03188254170566333,1.1143414205805848,-0.4684268733151033,-0.22163292871130852,0.4500641751983475,-2.0941318060834737
-1.6209866513636255,-1.3566228407021954,1.4703541136398612,-0.46406260750968653,-0.4684268733151033,-0.12194966686882944,-1.0180912289583655,0.5453639872648541
0.8036824573987724,0.7371245492832738,0.13413347404041048,-0.46406260750968653,-0.4684268733151033,-0.5483407147951344,0.4500641751983475,-0.3344679438512551
-1.6209866513636255,0.7371245492832738,1.391752899545776,-0.46406260750968653,-0.4684268733151033,0.06783788172519496,-0.6856786846209965,0.5453639872648541
0.8036824573987724,-1.3566228407021954,-0.2588725964300162,0.32513940653544915,-0.4684268733151033,-0.35249242388108715,0.4500641751983475,0.5453639872648541
0.8036824573987724,0.7371245492832738,-1.595093236029467,3.4819474627159916,2.05823929183909,0.3699180384126435,0.4500641751983475,0.5453639872648541
0.8036824573987724,0.7371245492832738,-0.8090810950886135,-0.46406260750968653,-0.4684268733151033,-0.5413042492533122,0.4500641751983475,0.5453639872648541
0.8036824573987724,0.7371245492832738,0.03188254170566333,-0.46406260750968653,-0.4684268733151033,-0.5413042492533122,0.4500641751983475,0.5453639872648541
0.8036824573987724,0.7371245492832738,-0.5732774528063576,-0.46406260750968653,-0.4684268733151033,-0.5108128985720835,0.4500641751983475,0.5453639872648541
0.8036824573987724,0.7371245492832738,0.03188254170566333,-0.46406260750968653,-0.4684268733151033,-0.560654529493323,0.4500641751983475,-2.0941318060834737
-0.40865209698242655,0.7371245492832738,-0.10167016824184551,-0.46406260750968653,0.7949062092619934,0.04389513497488843,0.4500641751983475,0.5453639872648541
-0.40865209698242655,-1.3566228407021954,-0.41607502461818685,1.1143414205805848,3.3215723744161862,-0.29033697826165905,0.4500641751983475,0.5453639872648541
0.8036824573987724,0.7371245492832738,-0.9662835232767842,-0.46406260750968653,-0.4684268733151033,-0.5269381321054256,0.4500641751983475,0.5453639872648541
0.8036824573987724,0.7371245492832738,0.03188254170566333,0.32513940653544915,-0.4684268733151033,-0.3665653549647313,0.4500641751983475,-0.3344679438512551
0.8036824573987724,-1.3566228407021954,0.03188254170566333,1.9035434346257205,0.7949062092619934,-0.13279755124580514,0.4500641751983475,0.5453639872648541
0.8036824573987724,0.7371245492832738,-0.6518786669004428,-0.46406260750968653,-0.4684268733151033,-0.5413042492533122,0.4500641751983475,0.5453639872648541
-1.6209866513636255,0.7371245492832738,1.7061577559221173,-0.46406260750968653,-0.4684268733151033,-0.10738887417428569,-0.3255650949221801,0.5453639872648541
0.8036824573987724,-1.3566228407021954,-2.066700520593979,1.9035434346257205,0.7949062092619934,-0.23580437031253818,0.4500641751983475,0.5453639872648541
0.8036824573987724,-1.3566228407021954,-2.243553252305671,1.1143414205805848,0.7949062092619934,-0.2784148601452986,0.4500641751983475,-2.0941318060834737
0.8036824573987724,0.7371245492832738,0.03188254170566333,-0.46406260750968653,-0.4684268733151033,-0.5605560189757375,0.4500641751983475,-2.0941318060834737
0.8036824573987724,0.7371245492832738,0.3699371163226665,-0.46406260750968653,-0.4684268733151033,-0.5413042492533122,0.4500641751983475,0.5453639872648541
-0.40865209698242655,-1.3566228407021954,-0.8876823091826989,-0.46406260750968653,0.7949062092619934,-0.19065371641918,0.4500641751983475,0.5453639872648541
-1.6209866513636255,-1.3566228407021954,1.15594925726352,-0.46406260750968653,-0.4684268733151033,-0.07992789465306815,-2.8463602228138947,-2.0941318060834737
0.8036824573987724,0.7371245492832738,0.03188254170566333,-0.46406260750968653,-0.4684268733151033,-0.39002024010413816,0.4500641751983475,0.5453639872648541
0.8036824573987724,0.7371245492832738,0.03188254170566333,-0.46406260750968653,-0.4684268733151033,-0.5072946658011723,0.4500641751983475,0.5453639872648541
0.8036824573987724,-1.3566228407021954,0.6057407586049225,-0.46406260750968653,-0.4684268733151033,-0.5052423633514742,0.4500641751983475,0.5453639872648541
-0.40865209698242655,0.7371245492832738,-0.6518786669004428,0.32513940653544915,-0.4684268733151033,-0.4603848955223587,0.4500641751983475,0.5453639872648541
-1.6209866513636255,0.7371245492832738,0.5271395445108372,0.32513940653544915,-0.4684268733151033,1.119301618616692,-1.7660194537174456,0.5453639872648541
0.8036824573987724,0.7371245492832738,0.21273468813449584,-0.46406260750968653,-0.4684268733151033,-0.5442361098957381,0.4500641751983475,0.5453639872648541
0.8036824573987724,-1.3566228407021954,0.03188254170566333,0.32513940653544915,2.05823929183909,-0.18009901810644693,0.4500641751983475,0.5453639872648541
0.8036824573987724,0.7371245492832738,-0.2588725964300162,-0.46406260750968653,-0.4684268733151033,-0.5477543426666491,0.4500641751983475,0.5453639872648541
-1.6209866513636255,0.7371245492832738,2.8065747532393117,-0.46406260750968653,-0.4684268733151033,-0.0264695204433321,-3.4834842661271854,0.5453639872648541
0.8036824573987724,0.7371245492832738,2.0598632193455013,-0.46406260750968653,-0.4684268733151033,-0.5413042492533122,0.4500641751983475,0.5453639872648541
-0.40865209698242655,0.7371245492832738,2.413568682768885,0.32513940653544915,0.7949062092619934,0.18462444581132947,0.4500641751983475,0.5453639872648541
0.8036824573987724,0.7371245492832738,0.03188254170566333,-0.46406260750968653,-0.4684268733151033,-0.5487324113769625,0.4500641751983475,-0.3344679438512551
0.8036824573987724,0.7371245492832738,-0.8876823091826989,-0.46406260750968653,-0.4684268733151033,-0.5477543426666491,0.4500641751983475,0.5453639872648541
0.8036824573987724,-1.3566228407021954,-1.1627865585119976,0.32513940653544915,-0.4684268733151033,-0.39109447384352297,0.4500641751983475,-2.0941318060834737
-0.40865209698242655,0.7371245492832738,-0.8090810950886135,-0.46406260750968653,-0.4684268733151033,-0.48383978066176553,0.4500641751983475,0.5453639872648541
-0.40865209698242655,-1.3566228407021954,-1.9880993064998935,1.1143414205805848,0.7949062092619934,0.18462444581132947,0.36696103911400524,0.5453639872648541
0.8036824573987724,0.7371245492832738,0.2913359022285812,-0.46406260750968653,-0.4684268733151033,-0.5271328076520827,0.4500641751983475,0.5453639872648541
0.8036824573987724,0.7371245492832738,-0.6518786669004428,-0.46406260750968653,-0.4684268733151033,-0.5487324113769625,0.4500641751983475,-0.3344679438512551
0.8036824573987724,-1.3566228407021954,-1.5164920219353815,-0.46406260750968653,2.05823929183909,-0.16368059850886216,0.4500641751983475,0.5453639872648541
-0.40865209698242655,0.7371245492832738,1.391752899545776,-0.46406260750968653,-0.4684268733151033,-0.37829279753443473,0.4500641751983475,0.5453639872648541
0.8036824573987724,-1.3566228407021954,-2.145301734688064,2.6927454486708564,2.05823929183909,0.0034354581094115915,0.4500641751983475,0.5453639872648541
-0.40865209698242655,-1.3566228407021954,-0.023068954147760175,0.32513940653544915,-0.4684268733151033,-0.12028906100095947,0.4500641751983475,0.5453639872648541
-1.6209866513636255,-1.3566228407021954,-0.5732774528063576,0.32513940653544915,-0.4684268733151033,0.8319792756589581,-1.9322257258861302,0.5453639872648541
0.8036824573987724,0.7371245492832738,-0.10167016824184551,0.32513940653544915,-0.4684268733151033,-0.35835614516593894,0.4500641751983475,0.5453639872648541
-1.6209866513636255,0.7371245492832738,0.03188254170566333,-0.46406260750968653,-0.4684268733151033,-0.03350598598515417,-1.7383184083559984,-2.0941318060834737
0.8036824573987724,0.7371245492832738,-0.2588725964300162,-0.46406260750968653,-0.4684268733151033,-0.28945742006893127,0.4500641751983475,-2.0941318060834737
0.8036824573987724,0.7371245492832738,0.2913359022285812,-0.46406260750968653,-0.4684268733151033,-0.5072946658011723,0.4500641751983475,0.5453639872648541
-0.40865209698242655,-1.3566228407021954,-0.18027138233593085,-0.46406260750968653,-0.4684268733151033,-0.48383978066176553,-0.4086682310065224,0.5453639872648541
0.8036824573987724,-1.3566228407021954,-0.18027138233593085,-0.46406260750968653,2.05823929183909,-0.4689858019029791,0.4500641751983475,0.5453639872648541
-0.40865209698242655,0.7371245492832738,0.3699371163226665,-0.46406260750968653,-0.4684268733151033,-0.42520256781324844,0.4500641751983475,0.5453639872648541
0.8036824573987724,0.7371245492832738,0.03188254170566333,-0.46406260750968653,-0.4684268733151033,-0.5605560189757375,0.4500641751983475,-2.0941318060834737
-1.6209866513636255,0.7371245492832738,0.05553225994632516,-0.46406260750968653,-0.4684268733151033,-0.07924301200699749,-2.1538340887777094,-2.0941318060834737
0.8036824573987724,0.7371245492832738,0.05553225994632516,0.32513940653544915,-0.4684268733151033,-0.35249242388108715,0.4500641751983475,0.5453639872648541
-0.40865209698242655,-1.3566228407021954,0.03188254170566333,-0.46406260750968653,-0.4684268733151033,-0.44044824315386294,-0.4086682310065224,-0.3344679438512551
0.8036824573987724,0.7371245492832738,0.03188254170566333,-0.46406260750968653,-0.4684268733151033,-0.5477543426666491,0.4500641751983475,0.5453639872648541
-1.6209866513636255,-1.3566228407021954,1.8633601841102878,1.1143414205805848,-0.4684268733151033,0.4773226484430153,-2.2923393155849467,0.5453639872648541
0.8036824573987724,0.7371245492832738,0.21273468813449584,-0.46406260750968653,-0.4684268733151033,-0.5442361098957381,0.4500641751983475,0.5453639872648541
-0.40865209698242655,0.7371245492832738,1.7847589700162025,-0.46406260750968653,-0.4684268733151033,-0.42520256781324844,0.4500641751983475,0.5453639872648541
-1.6209866513636255,0.7371245492832738,1.7847589700162025,0.32513940653544915,0.7949062092619934,1.1380655267282176,0.08995058549953111,0.5453639872648541
0.8036824573987724,-1.3566228407021954,0.7629431867930931,0.32513940653544915,5.84823853957038,0.0034354581094115915,0.4500641751983475,0.5453639872648541
-1.6209866513636255,-1.3566228407021954,-2.145301734688064,0.32513940653544915,2.05823929183909,2.82447176825157,-1.9045246805246827,0.5453639872648541
0.8036824573987724,0.7371245492832738,1.15594925726352,-0.46406260750968653,-0.4684268733151033,-0.5442361098957381,0.4500641751983475,0.5453639872648541
-0.40865209698242655,0.7371245492832738,1.7061577559221173,-0.46406260750968653,-0.4684268733151033,-0.4363436382544666,0.4500641751983475,0.5453639872648541
-0.40865209698242655,0.7371245492832738,0.7629431867930931,-0.46406260750968653,-0.4684268733151033,-0.12028906100095947,0.4500641751983475,0.5453639872648541
-1.6209866513636255,0.7371245492832738,1.3131516854516905,-0.46406260750968653,-0.4684268733151033,1.1275108284154844,-2.403143497030736,-2.0941318060834737
-1.6209866513636255,0.7371245492832738,-0.9662835232767842,-0.46406260750968653,2.05823929183909,1.8706389907528533,-1.4890090001029717,-2.0941318060834737
0.8036824573987724,0.7371245492832738,0.05553225994632516,-0.46406260750968653,-0.4684268733151033,-0.5413042492533122,0.4500641751983475,0.5453639872648541
0.8036824573987724,-1.3566228407021954,-1.595093236029467,1.1143414205805848,2.05823929183909,0.07614560204157284,0.4500641751983475,0.5453639872648541
0.8036824573987724,0.7371245492832738,-0.18027138233593085,-0.46406260750968653,-0.4684268733151033,-0.5472664810557495,0.4500641751983475,0.5453639872648541
0.8036824573987724,0.7371245492832738,-0.6518786669004428,-0.46406260750968653,-0.4684268733151033,-0.5269381321054256,0.4500641751983475,0.5453639872648541
0.8036824573987724,0.7371245492832738,0.03188254170566333,-0.46406260750968653,-0.4684268733151033,0.5949864252333638,0.4500641751983475,0.5453639872648541
0.8036824573987724,0.7371245492832738,-0.2588725964300162,-0.46406260750968653,-0.4684268733151033,-0.5449209925418088,0.4500641751983475,0.5453639872648541
0.8036824573987724,0.7371245492832738,-2.066700520593979,0.32513940653544915,0.7949062092619934,-0.35718340090896855,0.4500641751983475,0.5453639872648541
-0.40865209698242655,0.7371245492832738,1.4703541136398612,-0.46406260750968653,-0.4684268733151033,-0.42520256781324844,0.4500641751983475,0.5453639872648541
-1.6209866513636255,-1.3566228407021954,0.5271395445108372,-0.46406260750968653,-0.4684268733151033,2.4511473979531724,-1.8214215444403405,-2.0941318060834737
0.8036824573987724,-1.3566228407021954,0.03188254170566333,0.32513940653544915,-0.4684268733151033,-0.3665653549647313,0.4500641751983475,-0.3344679438512551
-0.40865209698242655,-1.3566228407021954,0.2520352951815385,-0.46406260750968653,-0.4684268733151033,-0.42520256781324844,-0.4086682310065224,0.5453639872648541
-1.6209866513636255,-1.3566228407021954,0.2913359022285812,-0.46406260750968653,-0.4684268733151033,1.2987314899331543,-2.513947678476526,0.5453639872648541
-0.40865209698242655,-1.3566228407021954,-0.5732774528063576,0.32513940653544915,2.05823929183909,0.24511928556288762,0.4500641751983475,-2.0941318060834737
0.8036824573987724,0.7371245492832738,-0.8090810950886135,-0.46406260750968653,-0.4684268733151033,-0.5717955999345412,0.4500641751983475,-0.3344679438512551
0.8036824573987724,0.7371245492832738,2.8065747532393117,-0.46406260750968653,-0.4684268733151033,-0.5477543426666491,0.4500641751983475,0.5453639872648541
0.8036824573987724,0.7371245492832738,0.9987468290753492,-0.46406260750968653,0.7949062092619934,-0.5329965289369344,0.4500641751983475,0.5453639872648541
-1.6209866513636255,-1.3566228407021954,0.8415444008871785,-0.46406260750968653,-0.4684268733151033,2.8693292360806852,-2.04302990733192,0.5453639872648541
0.8036824573987724,-1.3566228407021954,0.44853833041675184,0.32513940653544915,0.7949062092619934,-0.2551546505525488,0.4500641751983475,0.5453639872648541
0.8036824573987724,-1.3566228407021954,-0.41607502461818685,-0.46406260750968653,-0.4684268733151033,-0.5225403411417868,0.4500641751983475,0.5453639872648541
0.8036824573987724,0.7371245492832738,0.7629431867930931,-0.46406260750968653,-0.4684268733151033,-0.5442361098957381,0.4500641751983475,0.5453639872648541
-0.40865209698242655,0.7371245492832738,0.2520352951815385,0.32513940653544915,-0.4684268733151033,-0.02480891457546213,0.4500641751983475,-2.0941318060834737
-0.40865209698242655,0.7371245492832738,-2.2239029487821496,1.1143414205805848,0.7949062092619934,0.18462444581132947,0.36696103911400524,0.5453639872648541
0.8036824573987724,0.7371245492832738,0.3699371163226665,-0.46406260750968653,-0.4684268733151033,-0.5777578317369785,0.4500641751983475,0.5453639872648541
-1.6209866513636255,0.7371245492832738,2.7279735391452267,0.32513940653544915,4.584905456993283,5.110296214472342,-1.8768236351632352,0.5453639872648541
0.8036824573987724,-1.3566228407021954,-0.3374738105241015,-0.46406260750968653,-0.4684268733151033,-0.5477543426666491,0.4500641751983475,0.5453639872648541
0.8036824573987724,-1.3566228407021954,0.03188254170566333,-0.46406260750968653,-0.4684268733151033,-0.5413042492533122,0.4500641751983475,0.5453639872648541
0.8036824573987724,0.7371245492832738,-2.2239029487821496,0.32513940653544915,2.05823929183909,-0.2475318128822416,0.4500641751983475,0.5453639872648541
0.8036824573987724,0.7371245492832738,1.2345504713576052,-0.46406260750968653,-0.4684268733151033,-0.5665182507781747,0.4500641751983475,0.5453639872648541
-0.40865209698242655,0.7371245492832738,0.13413347404041048,0.32513940653544915,0.7949062092619934,-0.11442533971610776,0.4500641751983475,0.5453639872648541
0.8036824573987724,-1.3566228407021954,-0.6518786669004428,0.32513940653544915,-0.4684268733151033,-0.49967182813086514,0.4500641751983475,0.5453639872648541
0.8036824573987724,0.7371245492832738,-0.3374738105241015,-0.46406260750968653,-0.4684268733151033,-0.5449209925418088,0.4500641751983475,0.5453639872648541
-1.6209866513636255,-1.3566228407021954,-1.123485951464955,-0.46406260750968653,0.7949062092619934,4.226780713523857,-2.7355560413681053,0.5453639872648541
0.8036824573987724,0.7371245492832738,-0.2588725964300162,-0.46406260750968653,-0.4684268733151033,-0.5451156680884659,0.4500641751983475,0.5453639872648541
-0.40865209698242655,0.7371245492832738,0.05553225994632516,-0.46406260750968653,-0.4684268733151033,-0.48383978066176553,0.4500641751983475,0.5453639872648541
-1.6209866513636255,-1.3566228407021954,-0.41607502461818685,-0.46406260750968653,-0.4684268733151033,0.8953074655353567,-2.9571644042596845,-2.0941318060834737
-0.40865209698242655,0.7371245492832738,0.44853833041675184,-0.46406260750968653,-0.4684268733151033,-0.48383978066176553,0.4500641751983475,0.5453639872648541
-0.40865209698242655,0.7371245492832738,2.8065747532393117,-0.46406260750968653,-0.4684268733151033,-0.48383978066176553,0.4500641751983475,0.5453639872648541
-1.6209866513636255,0.7371245492832738,0.03188254170566333,-0.46406260750968653,-0.4684268733151033,-0.7301160746255374,-3.178772767151264,0.5453639872648541
0.8036824573987724,0.7371245492832738,-0.6518786669004428,-0.46406260750968653,-0.4684268733151033,-0.35249242388108715,0.4500641751983475,0.5453639872648541
0.8036824573987724,-1.3566228407021954,-0.8876823091826989,-0.46406260750968653,0.7949062092619934,-0.5108128985720835,0.4500641751983475,0.5453639872648541
0.8036824573987724,-1.3566228407021954,0.03188254170566333,-0.46406260750968653,-0.4684268733151033,-0.5392519468036142,0.4500641751983475,-0.3344679438512551
0.8036824573987724,0.7371245492832738,-2.2239029487821496,3.4819474627159916,2.05823929183909,0.3699180384126435,0.4500641751983475,0.5453639872648541
0.8036824573987724,-1.3566228407021954,0.03188254170566333,5.849553504851398,2.05823929183909,0.9011711868202084,0.4500641751983475,0.5453639872648541
0.8036824573987724,0.7371245492832738,-0.2588725964300162,-0.46406260750968653,-0.4684268733151033,0.5949864252333638,0.4500641751983475,0.5453639872648541
0.8036824573987724,0.7371245492832738,-0.3374738105241015,0.32513940653544915,-0.4684268733151033,-0.5477543426666491,0.4500641751983475,0.5453639872648541
-0.40865209698242655,0.7371245492832738,0.03188254170566333,-0.46406260750968653,-0.4684268733151033,-0.7301160746255374,0.4500641751983475,0.5453639872648541
0.8036824573987724,0.7371245492832738,-0.7304798809945282,-0.46406260750968653,-0.4684268733151033,-0.5072946658011723,0.4500641751983475,0.5453639872648541
-1.6209866513636255,-1.3566228407021954,1.9419613982043733,0.32513940653544915,-0.4684268733151033,1.105620384114876,-0.9626891382354706,-2.0941318060834737
0.8036824573987724,0.7371245492832738,-0.5732774528063576,-0.46406260750968653,-0.4684268733151033,-0.5413042492533122,0.4500641751983475,0.5453639872648541
-0.40865209698242655,0.7371245492832738,2.3349674686748,-0.46406260750968653,-0.4684268733151033,-0.413475125243545,0.4500641751983475,0.5453639872648541
-0.40865209698242655,-1.3566228407021954,1.9419613982043733,0.32513940653544915,3.3215723744161862,-0.19065371641918,0.4500641751983475,0.5453639872648541
-1.6209866513636255,0.7371245492832738,-0.18027138233593085,-0.46406260750968653,-0.4684268733151033,-0.014742077873628677,0.4500641751983475,0.5453639872648541
-1.6209866513636255,0.7371245492832738,0.13413347404041048,0.32513940653544915,-0.4684268733151033,0.48953795262361843,-2.569349769199421,0.5453639872648541
-1.6209866513636255,0.7371245492832738,-0.5732774528063576,-0.46406260750968653,-0.4684268733151033,2.4511473979531724,0.4500641751983475,-2.0941318060834737
-1.6209866513636255,0.7371245492832738,0.2913359022285812,-0.46406260750968653,-0.4684268733151033,-0.6128416489285031,-2.6801539506452103,0.5453639872648541
0.8036824573987724,0.7371245492832738,-1.830896878311723,-0.46406260750968653,0.7949062092619934,-0.43751638251143704,-0.3532661402836275,0.5453639872648541
0.8036824573987724,-1.3566228407021954,-1.9094980924058083,2.6927454486708564,2.05823929183909,0.006074132687594878,0.4500641751983475,0.5453639872648541
-1.6209866513636255,0.7371245492832738,0.7629431867930931,-0.46406260750968653,-0.4684268733151033,-0.7301160746255374,-3.317277993958501,0.5453639872648541
0.8036824573987724,0.7371245492832738,-0.37677441757114416,-0.46406260750968653,-0.4684268733151033,-0.5413042492533122,0.4500641751983475,0.5453639872648541
-0.40865209698242655,0.7371245492832738,1.9419613982043733,-0.46406260750968653,-0.4684268733151033,-0.4017476826738416,0.4500641751983475,0.5453639872648541
0.8036824573987724,0.7371245492832738,0.03188254170566333,-0.46406260750968653,-0.4684268733151033,-0.5530316918230157,0.4500641751983475,0.5453639872648541
0.8036824573987724,0.7371245492832738,0.03188254170566333,-0.46406260750968653,-0.4684268733151033,-0.5449209925418088,0.4500641751983475,0.5453639872648541
0.8036824573987724,0.7371245492832738,0.05553225994632516,-0.46406260750968653,-0.4684268733151033,-0.5605560189757375,0.4500641751983475,-2.0941318060834737
0.8036824573987724,-1.3566228407021954,0.03188254170566333,-0.46406260750968653,-0.4684268733151033,-0.545310343635123,0.4500641751983475,-0.3344679438512551
-1.6209866513636255,-1.3566228407021954,0.44853833041675184,-0.46406260750968653,-0.4684268733151033,5.110296214472342,0.4500641751983475,-2.0941318060834737
-1.6209866513636255,-1.3566228407021954,-0.6518786669004428,-0.46406260750968653,-0.4684268733151033,1.0983868975378828,-0.4640703217294172,0.5453639872648541
-1.6209866513636255,0.7371245492832738,0.21273468813449584,-0.46406260750968653,-0.4684268733151033,-0.014742077873628677,-2.707854996006658,-2.0941318060834737
0.8036824573987724,0.7371245492832738,-1.0448847373708696,-0.46406260750968653,-0.4684268733151033,-0.5072946658011723,0.4500641751983475,0.5453639872648541
0.8036824573987724,-1.3566228407021954,-0.5732774528063576,-0.46406260750968653,-0.4684268733151033,-0.5600681573648377,0.4500641751983475,0.5453639872648541
0.8036824573987724,0.7371245492832738,0.03188254170566333,-0.46406260750968653,-0.4684268733151033,-0.5449209925418088,0.4500641751983475,0.5453639872648541
-1.6209866513636255,0.7371245492832738,0.6843419726990079,0.32513940653544915,-0.4684268733151033,1.3808235879210784,-1.2119985464884975,0.5453639872648541
0.8036824573987724,0.7371245492832738,0.03188254170566333,5.849553504851398,2.05823929183909,0.9011711868202084,0.4500641751983475,0.5453639872648541
-0.40865209698242655,0.7371245492832738,-0.3374738105241015,0.32513940653544915,-0.4684268733151033,-0.12028906100095947,0.4500641751983475,0.5453639872648541
-0.40865209698242655,-1.3566228407021954,0.2913359022285812,0.32513940653544915,2.05823929183909,-0.07924301200699749,0.4500641751983475,0.5453639872648541
0.8036824573987724,-1.3566228407021954,0.03188254170566333,0.32513940653544915,-0.4684268733151033,-0.35249242388108715,0.4500641751983475,0.5453639872648541
-1.6209866513636255,0.7371245492832738,-0.8876823091826989,0.32513940653544915,-0.4684268733151033,1.8241209170558679,-1.5721121361873138,-2.0941318060834737
0.8036824573987724,0.7371245492832738,0.03188254170566333,0.32513940653544915,-0.4684268733151033,-0.35249242388108715,0.4500641751983475,0.5453639872648541
0.8036824573987724,0.7371245492832738,0.03188254170566333,-0.46406260750968653,-0.4684268733151033,-0.5449209925418088,0.4500641751983475,0.5453639872648541
0.8036824573987724,0.7371245492832738,-2.145301734688064,2.6927454486708564,0.7949062092619934,0.2007496793446717,0.4500641751983475,0.5453639872648541
0.8036824573987724,0.7371245492832738,-2.269491652956719,-0.46406260750968653,0.7949062092619934,-0.5303578543587512,0.4500641751983475,-2.0941318060834737
-0.40865209698242655,0.7371245492832738,-0.2588725964300162,-0.46406260750968653,-0.4684268733151033,-0.48383978066176553,0.4500641751983475,0.5453639872648541
0.8036824573987724,0.7371245492832738,0.9201456149812639,-0.46406260750968653,-0.4684268733151033,-0.5630000180072636,0.4500641751983475,0.5453639872648541
-1.6209866513636255,0.7371245492832738,1.4703541136398612,0.32513940653544915,-0.4684268733151033,1.0695584982130382,-0.8241839114282336,-2.0941318060834737
-0.40865209698242655,-1.3566228407021954,1.4703541136398612,0.32513940653544915,2.05823929183909,0.7944514594359073,0.4500641751983475,0.5453639872648541
-1.6209866513636255,-1.3566228407021954,1.4703541136398612,0.32513940653544915,-0.4684268733151033,0.19869737689497363,-3.566587402211528,-2.0941318060834737
0.8036824573987724,0.7371245492832738,-1.9880993064998935,2.6927454486708564,2.05823929183909,0.0034354581094115915,0.4500641751983475,0.5453639872648541
-1.6209866513636255,-1.3566228407021954,0.7629431867930931,0.32513940653544915,-0.4684268733151033,0.5810120046673051,-0.07625568666915339,0.5453639872648541
0.8036824573987724,-1.3566228407021954,0.2913359022285812,1.9035434346257205,-0.4684268733151033,-0.35835614516593894,0.4500641751983475,0.5453639872648541
-0.40865209698242655,0.7371245492832738,-0.023068954147760175,-0.46406260750968653,-0.4684268733151033,-0.48383978066176553,0.4500641751983475,0.5453639872648541
-1.6209866513636255,0.7371245492832738,1.5489553277339465,0.32513940653544915,0.7949062092619934,1.8706389907528533,-1.5444110908258664,-2.0941318060834737
0.8036824573987724,0.7371245492832738,0.03188254170566333,5.849553504851398,2.05823929183909,0.9011711868202084,0.4500641751983475,0.5453639872648541
0.8036824573987724,0.7371245492832738,0.03188254170566333,-0.46406260750968653,-0.4684268733151033,-0.5605560189757375,0.4500641751983475,-2.0941318060834737
-1.6209866513636255,0.7371245492832738,0.9987468290753492,0.32513940653544915,-0.4684268733151033,0.48953795262361843,0.4500641751983475,0.5453639872648541
-1.6209866513636255,-1.3566228407021954,0.5271395445108372,-0.46406260750968653,2.05823929183909,0.9351807702723484,-3.0679685857054744,0.5453639872648541
-1.6209866513636255,0.7371245492832738,2.4921698968629706,-0.46406260750968653,-0.4684268733151033,0.05562257754459185,-3.123370676428369,0.5453639872648541
0.8036824573987724,-1.3566228407021954,-0.8876823091826989,-0.46406260750968653,-0.4684268733151033,-0.5717955999345412,0.4500641751983475,-0.3344679438512551
0.8036824573987724,-1.3566228407021954,-0.8876823091826989,-0.46406260750968653,-0.4684268733151033,-0.5543029465975716,0.4500641751983475,0.5453639872648541
-0.40865209698242655,0.7371245492832738,-2.2498413494331975,0.32513940653544915,0.7949062092619934,-0.39002024010413816,0.4500641751983475,0.5453639872648541
0.8036824573987724,0.7371245492832738,0.21273468813449584,-0.46406260750968653,-0.4684268733151033,0.5949864252333638,0.4500641751983475,0.5453639872648541
0.8036824573987724,0.7371245492832738,0.03188254170566333,-0.46406260750968653,-0.4684268733151033,-0.5413042492533122,0.4500641751983475,0.5453639872648541
0.8036824573987724,0.7371245492832738,0.03188254170566333,-0.46406260750968653,-0.4684268733151033,-0.5413042492533122,0.4500641751983475,0.5453639872648541
0.8036824573987724,-1.3566228407021954,0.03188254170566333,0.32513940653544915,-0.4684268733151033,-0.39109447384352297,0.4500641751983475,-2.0941318060834737
0.8036824573987724,0.7371245492832738,-1.0448847373708696,-0.46406260750968653,-0.4684268733151033,-0.5413042492533122,0.4500641751983475,0.5453639872648541
-1.6209866513636255,0.7371245492832738,0.13413347404041048,0.32513940653544915,-0.4684268733151033,0.6068123783206526,-3.095669631066922,0.5453639872648541
-1.6209866513636255,0.7371245492832738,1.4703541136398612,-0.46406260750968653,-0.4684268733151033,-0.10738887417428569,-0.3809671856450749,0.5453639872648541
0.8036824573987724,0.7371245492832738,-0.5732774528063576,-0.46406260750968653,-0.4684268733151033,-0.560654529493323,0.4500641751983475,-2.0941318060834737
0.8036824573987724,-1.3566228407021954,-1.2806883796531257,-0.46406260750968653,-0.4684268733151033,-0.5605560189757375,0.4500641751983475,-2.0941318060834737
0.8036824573987724,0.7371245492832738,0.21273468813449584,0.32513940653544915,-0.4684268733151033,-0.35835614516593894,0.4500641751983475,0.5453639872648541
0.8036824573987724,0.7371245492832738,-0.10167016824184551,1.1143414205805848,-0.4684268733151033,-0.5442361098957381,0.4500641751983475,0.5453639872648541
-0.40865209698242655,0.7371245492832738,1.3131516854516905,-0.46406260750968653,-0.4684268733151033,-0.12028906100095947,0.4500641751983475,0.5453639872648541
0.8036824573987724,0.7371245492832738,-0.10167016824184551,-0.46406260750968653,-0.4684268733151033,-0.5472664810557495,0.4500641751983475,0.5453639872648541
-0.40865209698242655,0.7371245492832738,0.9987468290753492,0.32513940653544915,-0.4684268733151033,-0.09683417586155263,0.4500641751983475,0.5453639872648541
0.8036824573987724,0.7371245492832738,0.44853833041675184,-0.46406260750968653,-0.4684268733151033,-0.5413042492533122,0.4500641751983475,0.5453639872648541
0.8036824573987724,-1.3566228407021954,-2.145301734688064,1.9035434346257205,2.05823929183909,-0.0757247792360865,0.4500641751983475,0.5453639872648541
0.8036824573987724,-1.3566228407021954,0.13413347404041048,-0.46406260750968653,-0.4684268733151033,-0.526450270494526,0.4500641751983475,0.5453639872648541
0.8036824573987724,-1.3566228407021954,0.03188254170566333,0.32513940653544915,-0.4684268733151033,-0.3665653549647313,0.4500641751983475,-0.3344679438512551
0.8036824573987724,0.7371245492832738,0.03188254170566333,-0.46406260750968653,-0.4684268733151033,-0.5449209925418088,0.4500641751983475,0.5453639872648541
-0.40865209698242655,-1.3566228407021954,-0.8090810950886135,0.32513940653544915,-0.4684268733151033,-0.12028906100095947,0.4500641751983475,0.5453639872648541
0.8036824573987724,0.7371245492832738,-0.7304798809945282,-0.46406260750968653,-0.4684268733151033,-0.5269381321054256,0.4500641751983475,0.5453639872648541
0.8036824573987724,0.7371245492832738,-1.2020871655590402,3.4819474627159916,2.05823929183909,0.3699180384126435,0.4500641751983475,0.5453639872648541
-0.40865209698242655,-1.3566228407021954,0.3699371163226665,-0.46406260750968653,0.7949062092619934,-0.19065371641918,0.4500641751983475,0.5453639872648541
0.8036824573987724,-1.3566228407021954,0.03188254170566333,-0.46406260750968653,-0.4684268733151033,-0.5486339008593769,0.4500641751983475,-0.3344679438512551
0.8036824573987724,-1.3566228407021954,0.03188254170566333,-0.46406260750968653,-0.4684268733151033,-0.5483407147951344,0.4500641751983475,-0.3344679438512551
0.8036824573987724,0.7371245492832738,1.7061577559221173,-0.46406260750968653,-0.4684268733151033,-0.5483407147951344,0.4500641751983475,0.5453639872648541
0.8036824573987724,-1.3566228407021954,0.03188254170566333,-0.46406260750968653,-0.4684268733151033,-0.5511740649199747,0.4500641751983475,-0.3344679438512551
0.8036824573987724,-1.3566228407021954,0.03188254170566333,-0.46406260750968653,-0.4684268733151033,-0.5483407147951344,0.4500641751983475,-0.3344679438512551
0.8036824573987724,-1.3566228407021954,0.03188254170566333,-0.46406260750968653,-0.4684268733151033,-0.5483407147951344,0.4500641751983475,-0.3344679438512551
0.8036824573987724,0.7371245492832738,-0.10167016824184551,-0.46406260750968653,-0.4684268733151033,-0.5072946658011723,0.4500641751983475,0.5453639872648541
-0.40865209698242655,0.7371245492832738,-0.3374738105241015,-0.46406260750968653,-0.4684268733151033,-0.42520256781324844,0.4500641751983475,0.5453639872648541
-1.6209866513636255,0.7371245492832738,-0.8090810950886135,1.9035434346257205,2.05823929183909,5.110296214472342,-1.8768236351632352,0.5453639872648541
0.8036824573987724,0.7371245492832738,0.44853833041675184,-0.46406260750968653,-0.4684268733151033,-0.5449209925418088,0.4500641751983475,-2.0941318060834737
-1.6209866513636255,-1.3566228407021954,0.44853833041675184,0.32513940653544915,-0.4684268733151033,1.2277804623864486,-1.4059058640186293,0.5453639872648541
0.8036824573987724,0.7371245492832738,-1.595093236029467,0.32513940653544915,0.7949062092619934,-0.35718340090896855,0.4500641751983475,0.5453639872648541
0.8036824573987724,0.7371245492832738,-0.7304798809945282,-0.46406260750968653,-0.4684268733151033,-0.6360033480036674,0.4500641751983475,-2.0941318060834737
-0.40865209698242655,0.7371245492832738,0.9987468290753492,-0.46406260750968653,-0.4684268733151033,-0.42520256781324844,0.4500641751983475,0.5453639872648541
-0.40865209698242655,0.7371245492832738,0.05553225994632516,-0.46406260750968653,-0.4684268733151033,-0.42520256781324844,0.4500641751983475,0.5453639872648541
-0.40865209698242655,0.7371245492832738,0.03188254170566333,-0.46406260750968653,-0.4684268733151033,-0.7301160746255374,0.4500641751983475,0.5453639872648541
0.8036824573987724,0.7371245492832738,-0.6518786669004428,-0.46406260750968653,-0.4684268733151033,-0.5472664810557495,0.4500641751983475,0.5453639872648541
0.8036824573987724,0.7371245492832738,1.391752899545776,-0.46406260750968653,-0.4684268733151033,-0.5600681573648377,0.4500641751983475,0.5453639872648541
-1.6209866513636255,-1.3566228407021954,-0.3374738105241015,0.32513940653544915,2.05823929183909,2.82447176825157,-1.9045246805246827,0.5453639872648541
0.8036824573987724,0.7371245492832738,-1.0448847373708696,-0.46406260750968653,-0.4684268733151033,-0.5139394347611663,0.4500641751983475,0.5453639872648541
-1.6209866513636255,0.7371245492832738,1.2345504713576052,0.32513940653544915,-0.4684268733151033,1.2277804623864486,-1.4059058640186293,0.5453639872648541
0.8036824573987724,0.7371245492832738,0.6843419726990079,-0.46406260750968653,-0.4684268733151033,-0.5269381321054256,0.4500641751983475,0.5453639872648541
-1.6209866513636255,0.7371245492832738,2.099163826392544,-0.46406260750968653,-0.4684268733151033,0.10253234782340553,-3.4280821754042905,-2.0941318060834737
0.8036824573987724,-1.3566228407021954,0.03188254170566333,0.32513940653544915,0.7949062092619934,-0.20570471621313738,0.20075476694532077,-2.0941318060834737
-1.6209866513636255,0.7371245492832738,0.13413347404041048,-0.46406260750968653,-0.4684268733151033,0.45425711439692273,-3.455783220765738,0.5453639872648541
-1.6209866513636255,-1.3566228407021954,0.05553225994632516,-0.46406260750968653,-0.4684268733151033,1.4629156859090022,-2.5416487238379735,0.5453639872648541
-1.6209866513636255,0.7371245492832738,0.03188254170566333,-0.46406260750968653,-0.4684268733151033,-0.07992789465306815,0.4500641751983475,-2.0941318060834737
0.8036824573987724,-1.3566228407021954,-1.2020871655590402,-0.46406260750968653,-0.4684268733151033,-0.5458967157636082,0.4500641751983475,0.5453639872648541
0.8036824573987724,-1.3566228407021954,-1.0448847373708696,-0.46406260750968653,-0.4684268733151033,-0.5487324113769625,0.4500641751983475,-0.3344679438512551
0.8036824573987724,-1.3566228407021954,0.8415444008871785,0.32513940653544915,-0.4684268733151033,-0.5078810379296576,0.4500641751983475,0.5453639872648541
-1.6209866513636255,0.7371245492832738,2.0205626122984586,-0.46406260750968653,-0.4684268733151033,-0.014742077873628677,-1.849122589801788,0.5453639872648541
0.8036824573987724,0.7371245492832738,-0.8090810950886135,-0.46406260750968653,-0.4684268733151033,-0.5477543426666491,0.4500641751983475,0.5453639872648541
-1.6209866513636255,0.7371245492832738,1.2345504713576052,-0.46406260750968653,-0.4684268733151033,-0.10738887417428569,0.4500641751983475,0.5453639872648541
-1.6209866513636255,-1.3566228407021954,0.5271395445108372,0.32513940653544915,2.05823929183909,2.084470142103284,-2.320040360946394,0.5453639872648541
0.8036824573987724,-1.3566228407021954,-0.18027138233593085,-0.46406260750968653,-0.4684268733151033,-0.5442361098957381,0.4500641751983475,0.5453639872648541
-1.6209866513636255,-1.3566228407021954,1.5489553277339465,0.32513940653544915,-0.4684268733151033,1.0695584982130382,-0.8241839114282336,-2.0941318060834737
-1.6209866513636255,-1.3566228407021954,0.9201456149812639,-0.46406260750968653,-0.4684268733151033,2.4245659766246828,-0.1039567320306008,-2.0941318060834737
-1.6209866513636255,0.7371245492832738,-0.8090810950886135,0.32513940653544915,-0.4684268733151033,0.515338326276966,-0.851884956789681,0.5453639872648541
0.8036824573987724,0.7371245492832738,0.2913359022285812,-0.46406260750968653,-0.4684268733151033,-0.5477543426666491,0.4500641751983475,0.5453639872648541
-1.6209866513636255,0.7371245492832738,-0.18027138233593085,0.32513940653544915,-0.4684268733151033,0.515338326276966,0.17305372158387336,0.5453639872648541
-1.6209866513636255,0.7371245492832738,0.03188254170566333,-0.46406260750968653,-0.4684268733151033,-0.07992789465306815,0.4500641751983475,-2.0941318060834737
-1.6209866513636255,0.7371245492832738,0.44853833041675184,-0.46406260750968653,-0.4684268733151033,-0.11354578152337996,-0.2978640495607327,0.5453639872648541
0.8036824573987724,-1.3566228407021954,-0.023068954147760175,0.32513940653544915,0.7949062092619934,-0.48471933885449325,0.39466208447545265,0.5453639872648541
-0.40865209698242655,-1.3566228407021954,0.05553225994632516,1.9035434346257205,-0.4684268733151033,-0.23756348669799368,0.4500641751983475,0.5453639872648541
0.8036824573987724,0.7371245492832738,0.3699371163226665,-0.46406260750968653,-0.4684268733151033,-0.5413042492533122,0.4500641751983475,0.5453639872648541
0.8036824573987724,0.7371245492832738,-0.023068954147760175,-0.46406260750968653,-0.4684268733151033,-0.5449209925418088,0.4500641751983475,-2.0941318060834737
-1.6209866513636255,-1.3566228407021954,-0.8090810950886135,-0.46406260750968653,-0.4684268733151033,-0.0264695204433321,-2.790958132091,0.5453639872648541
-1.6209866513636255,-1.3566228407021954,0.44853833041675184,-0.46406260750968653,-0.4684268733151033,2.4511473979531724,-1.1565964557656025,0.5453639872648541
0.8036824573987724,0.7371245492832738,0.03188254170566333,5.849553504851398,2.05823929183909,0.9011711868202084,0.4500641751983475,0.5453639872648541
-0.40865209698242655,-1.3566228407021954,0.8415444008871785,-0.46406260750968653,-0.4684268733151033,-0.3607016336798796,0.4500641751983475,0.5453639872648541
-1.6209866513636255,0.7371245492832738,2.5707711109570557,-0.46406260750968653,-0.4684268733151033,-0.10738887417428569,0.4500641751983475,0.5453639872648541
0.8036824573987724,-1.3566228407021954,-0.3374738105241015,0.32513940653544915,-0.4684268733151033,-0.5442361098957381,0.4500641751983475,0.5453639872648541
0.8036824573987724,0.7371245492832738,-0.2588725964300162,-0.46406260750968653,-0.4684268733151033,-0.5413042492533122,0.4500641751983475,0.5453639872648541
0.8036824573987724,-1.3566228407021954,-0.8876823091826989,-0.46406260750968653,0.7949062092619934,-0.39109447384352297,0.4500641751983475,-2.0941318060834737
-0.40865209698242655,0.7371245492832738,0.3699371163226665,0.32513940653544915,-0.4684268733151033,-0.23756348669799368,0.4500641751983475,0.5453639872648541
0.8036824573987724,0.7371245492832738,1.4703541136398612,-0.46406260750968653,-0.4684268733151033,-0.5458967157636082,0.4500641751983475,0.5453639872648541
0.8036824573987724,0.7371245492832738,-0.10167016824184551,-0.46406260750968653,-0.4684268733151033,-0.5449209925418088,0.4500641751983475,0.5453639872648541
0.8036824573987724,0.7371245492832738,-0.41607502461818685,1.1143414205805848,-0.4684268733151033,-0.16368059850886216,0.4500641751983475,0.5453639872648541
-0.40865209698242655,-1.3566228407021954,-0.9662835232767842,-0.46406260750968653,-0.4684268733151033,-0.44865745295265524,0.4500641751983475,-2.0941318060834737
-1.6209866513636255,-1.3566228407021954,0.6843419726990079,0.32513940653544915,-0.4684268733151033,0.9418255392323422,-1.3782048186571818,-2.0941318060834737
0.8036824573987724,0.7371245492832738,0.03188254170566333,-0.46406260750968653,-0.4684268733151033,-0.5605560189757375,0.4500641751983475,-2.0941318060834737
0.8036824573987724,0.7371245492832738,0.8415444008871785,-0.46406260750968653,-0.4684268733151033,-0.5449209925418088,0.4500641751983475,0.5453639872648541
0.8036824573987724,0.7371245492832738,-0.5732774528063576,-0.46406260750968653,-0.4684268733151033,-0.5190221083708758,0.4500641751983475,0.5453639872648541
0.8036824573987724,-1.3566228407021954,-2.145301734688064,-0.46406260750968653,0.7949062092619934,-0.48471933885449325,0.39466208447545265,0.5453639872648541
-1.6209866513636255,0.7371245492832738,-0.10167016824184551,0.32513940653544915,-0.4684268733151033,1.1971906011876343,0.4500641751983475,-2.0941318060834737
0.8036824573987724,0.7371245492832738,-0.8876823091826989,-0.46406260750968653,-0.4684268733151033,-0.5483407147951344,0.4500641751983475,0.5453639872648541
0.8036824573987724,0.7371245492832738,-0.10167016824184551,-0.46406260750968653,-0.4684268733151033,-0.20179478686039828,0.4500641751983475,0.5453639872648541
-0.40865209698242655,-1.3566228407021954,-0.8090810950886135,-0.46406260750968653,-0.4684268733151033,-0.12028906100095947,0.4500641751983475,0.5453639872648541
0.8036824573987724,0.7371245492832738,0.03188254170566333,-0.46406260750968653,-0.4684268733151033,-0.5413042492533122,0.4500641751983475,0.5453639872648541
-1.6209866513636255,-1.3566228407021954,2.413568682768885,0.32513940653544915,-0.4684268733151033,1.0348640321148275,-0.7410807753438914,-2.0941318060834737
0.8036824573987724,0.7371245492832738,-0.7304798809945282,-0.46406260750968653,-0.4684268733151033,-0.5458967157636082,0.4500641751983475,0.5453639872648541
-1.6209866513636255,0.7371245492832738,1.2345504713576052,-0.46406260750968653,-0.4684268733151033,0.10253234782340553,0.4223631298369001,0.5453639872648541
0.8036824573987724,-1.3566228407021954,0.03188254170566333,-0.46406260750968653,-0.4684268733151033,-0.5413042492533122,0.4500641751983475,0.5453639872648541
-0.40865209698242655,-1.3566228407021954,-0.41607502461818685,-0.46406260750968653,-0.4684268733151033,-0.42520256781324844,0.3115589483911104,0.5453639872648541
0.8036824573987724,0.7371245492832738,0.03188254170566333,-0.46406260750968653,-0.4684268733151033,-0.5483407147951344,0.33925999375255783,-0.3344679438512551
0.8036824573987724,-1.3566228407021954,0.03188254170566333,0.32513940653544915,-0.4684268733151033,-0.3665653549647313,0.4500641751983475,-0.3344679438512551
0.8036824573987724,0.7371245492832738,0.7629431867930931,0.32513940653544915,5.84823853957038,0.0034354581094115915,0.4500641751983475,0.5453639872648541
0.8036824573987724,-1.3566228407021954,-0.2588725964300162,-0.46406260750968653,-0.4684268733151033,-0.5458967157636082,0.4500641751983475,0.5453639872648541
-0.40865209698242655,-1.3566228407021954,-0.41607502461818685,1.1143414205805848,0.7949062092619934,-0.09683417586155263,0.4500641751983475,0.5453639872648541
-0.40865209698242655,-1.3566228407021954,0.5271395445108372,-0.46406260750968653,-0.4684268733151033,-0.42520256781324844,0.4500641751983475,0.5453639872648541
-1.6209866513636255,0.7371245492832738,0.6057407586049225,-0.46406260750968653,0.7949062092619934,-0.03350598598515417,-2.126133043416262,-2.0941318060834737
-1.6209866513636255,-1.3566228407021954,0.03188254170566333,-0.46406260750968653,0.7949062092619934,0.559902608041839,-0.21476091347639045,0.5453639872648541
-0.40865209698242655,0.7371245492832738,-0.10167016824184551,-0.46406260750968653,-0.4684268733151033,-0.48383978066176553,0.4500641751983475,0.5453639872648541
0.8036824573987724,0.7371245492832738,-0.8090810950886135,-0.46406260750968653,-0.4684268733151033,-0.5449209925418088,0.4500641751983475,0.5453639872648541
0.8036824573987724,0.7371245492832738,1.0773480431694344,-0.46406260750968653,-0.4684268733151033,-0.5788320654763632,0.4500641751983475,0.5453639872648541
-1.6209866513636255,0.7371245492832738,-0.3374738105241015,0.32513940653544915,-0.4684268733151033,1.4061360999635262,-2.7632570867295527,-2.0941318060834737
0.8036824573987724,0.7371245492832738,1.391752899545776,-0.46406260750968653,-0.4684268733151033,-0.5190221083708758,0.4500641751983475,0.5453639872648541
-1.6209866513636255,-1.3566228407021954,-1.0448847373708696,-0.46406260750968653,-0.4684268733151033,1.2987314899331543,-2.458545587753631,0.5453639872648541
-0.40865209698242655,0.7371245492832738,-2.2372651551781444,0.32513940653544915,0.7949062092619934,-0.29033697826165905,0.4500641751983475,0.5453639872648541
0.8036824573987724,0.7371245492832738,-0.5732774528063576,-0.46406260750968653,-0.4684268733151033,-0.5630000180072636,0.4500641751983475,0.5453639872648541
0.8036824573987724,0.7371245492832738,-0.8090810950886135,-0.46406260750968653,-0.4684268733151033,-0.5449209925418088,0.4500641751983475,0.5453639872648541
-0.40865209698242655,0.7371245492832738,-0.10167016824184551,-0.46406260750968653,-0.4684268733151033,-0.413475125243545,0.4500641751983475,0.5453639872648541
0.8036824573987724,0.7371245492832738,-1.2020871655590402,2.6927454486708564,0.7949062092619934,0.2007496793446717,0.4500641751983475,0.5453639872648541
0.8036824573987724,0.7371245492832738,0.5271395445108372,-0.46406260750968653,-0.4684268733151033,-0.5449209925418088,0.4500641751983475,0.5453639872648541
-1.6209866513636255,0.7371245492832738,-0.023068954147760175,-0.46406260750968653,-0.4684268733151033,-0.0264695204433321,-0.519472412452312,0.5453639872648541
0.8036824573987724,0.7371245492832738,0.9987468290753492,-0.46406260750968653,-0.4684268733151033,-0.550686203309075,0.22845581230676817,0.5453639872648541
-1.6209866513636255,0.7371245492832738,0.03188254170566333,-0.46406260750968653,-0.4684268733151033,0.48953795262361843,-3.5942884475729753,0.5453639872648541
-1.6209866513636255,0.7371245492832738,-0.18027138233593085,-0.46406260750968653,-0.4684268733151033,1.0695584982130382,-0.6025755485366543,-2.0941318060834737
0.8036824573987724,0.7371245492832738,-0.023068954147760175,-0.46406260750968653,-0.4684268733151033,-0.5483407147951344,0.4500641751983475,-0.3344679438512551
-0.40865209698242655,-1.3566228407021954,-1.9094980924058083,0.32513940653544915,2.05823929183909,-0.07924301200699749,0.4500641751983475,0.5453639872648541
0.8036824573987724,-1.3566228407021954,-0.5732774528063576,-0.46406260750968653,-0.4684268733151033,-0.4993786420666225,0.4500641751983475,0.5453639872648541
0.8036824573987724,0.7371245492832738,0.03188254170566333,-0.46406260750968653,-0.4684268733151033,-0.5483407147951344,0.4500641751983475,-0.3344679438512551
-0.40865209698242655,-1.3566228407021954,0.05553225994632516,-0.46406260750968653,-0.4684268733151033,-0.42520256781324844,0.4500641751983475,0.5453639872648541
-1.6209866513636255,0.7371245492832738,2.5707711109570557,-0.46406260750968653,-0.4684268733151033,-0.10738887417428569,-1.322802727934287,0.5453639872648541
-0.40865209698242655,0.7371245492832738,0.3699371163226665,-0.46406260750968653,-0.4684268733151033,-0.42520256781324844,-0.5471734578137595,0.5453639872648541
0.8036824573987724,0.7371245492832738,-0.10167016824184551,-0.46406260750968653,-0.4684268733151033,-0.5449209925418088,0.4500641751983475,0.5453639872648541
0.8036824573987724,0.7371245492832738,0.03188254170566333,-0.46406260750968653,-0.4684268733151033,-0.5483407147951344,0.4500641751983475,-0.3344679438512551
0.8036824573987724,0.7371245492832738,1.15594925726352,-0.46406260750968653,0.7949062092619934,-0.35249242388108715,0.4500641751983475,0.5453639872648541
0.8036824573987724,-1.3566228407021954,1.2345504713576052,-0.46406260750968653,-0.4684268733151033,-0.5483407147951344,0.4500641751983475,0.5453639872648541
-0.40865209698242655,0.7371245492832738,-0.8090810950886135,-0.46406260750968653,-0.4684268733151033,-0.42520256781324844,0.4500641751983475,0.5453639872648541
-0.40865209698242655,0.7371245492832738,-0.8876823091826989,-0.46406260750968653,-0.4684268733151033,0.9938179831208654,0.4500641751983475,0.5453639872648541
0.8036824573987724,0.7371245492832738,0.13413347404041048,-0.46406260750968653,-0.4684268733151033,-0.5477543426666491,0.4500641751983475,0.5453639872648541
-0.40865209698242655,0.7371245492832738,0.03188254170566333,-0.46406260750968653,-0.4684268733151033,-0.7301160746255374,0.4500641751983475,0.5453639872648541
0.8036824573987724,0.7371245492832738,-0.6518786669004428,-0.46406260750968653,-0.4684268733151033,-0.5600681573648377,0.4500641751983475,0.5453639872648541
-0.40865209698242655,0.7371245492832738,-0.3374738105241015,-0.46406260750968653,-0.4684268733151033,-0.42520256781324844,0.4500641751983475,0.5453639872648541
0.8036824573987724,0.7371245492832738,0.21273468813449584,-0.46406260750968653,-0.4684268733151033,-0.5339745976472476,0.4500641751983475,0.5453639872648541
-0.40865209698242655,0.7371245492832738,0.05553225994632516,0.32513940653544915,-0.4684268733151033,-0.16719883127977314,0.4500641751983475,-2.0941318060834737
0.8036824573987724,0.7371245492832738,0.8415444008871785,-0.46406260750968653,-0.4684268733151033,-0.560654529493323,0.4500641751983475,-2.0941318060834737
0.8036824573987724,0.7371245492832738,0.2913359022285812,-0.46406260750968653,-0.4684268733151033,-0.5449209925418088,0.4500641751983475,-2.0941318060834737
0.8036824573987724,0.7371245492832738,0.5271395445108372,-0.46406260750968653,-0.4684268733151033,-0.5543029465975716,0.4500641751983475,0.5453639872648541
-1.6209866513636255,-1.3566228407021954,1.391752899545776,0.32513940653544915,0.7949062092619934,0.5025366499678777,-0.7964828660667862,0.5453639872648541
-0.40865209698242655,0.7371245492832738,0.3699371163226665,0.32513940653544915,-0.4684268733151033,-0.12028906100095947,0.4500641751983475,0.5453639872648541
0.8036824573987724,0.7371245492832738,-0.8090810950886135,-0.46406260750968653,-0.4684268733151033,-0.5413042492533122,0.4500641751983475,0.5453639872648541
0.8036824573987724,0.7371245492832738,0.03188254170566333,-0.46406260750968653,-0.4684268733151033,-0.5413042492533122,0.4500641751983475,0.5453639872648541
-0.40865209698242655,-1.3566228407021954,1.6275565418280318,-0.46406260750968653,-0.4684268733151033,-0.48383978066176553,0.4500641751983475,0.5453639872648541
0.8036824573987724,-1.3566228407021954,0.03188254170566333,1.1143414205805848,-0.4684268733151033,-0.18478999513432828,0.4500641751983475,-0.3344679438512551
0.8036824573987724,0.7371245492832738,0.03188254170566333,0.32513940653544915,-0.4684268733151033,-0.5483407147951344,0.4500641751983475,-0.3344679438512551
-0.40865209698242655,0.7371245492832738,0.03188254170566333,-0.46406260750968653,-0.4684268733151033,-0.7301160746255374,0.4500641751983475,0.5453639872648541
0.8036824573987724,0.7371245492832738,0.03188254170566333,-0.46406260750968653,-0.4684268733151033,-0.5413042492533122,0.4500641751983475,0.5453639872648541
0.8036824573987724,0.7371245492832738,0.44853833041675184,-0.46406260750968653,-0.4684268733151033,-0.5413042492533122,0.4500641751983475,0.5453639872648541
-0.40865209698242655,0.7371245492832738,0.44853833041675184,-0.46406260750968653,-0.4684268733151033,-0.12028906100095947,0.4500641751983475,0.5453639872648541
-1.6209866513636255,-1.3566228407021954,-0.8876823091826989,0.32513940653544915,-0.4684268733151033,4.606456666718005,-1.5998131815487613,-2.0941318060834737
0.8036824573987724,-1.3566228407021954,-1.0448847373708696,3.4819474627159916,2.05823929183909,0.3699180384126435,0.4500641751983475,0.5453639872648541
0.8036824573987724,-1.3566228407021954,-0.6518786669004428,-0.46406260750968653,-0.4684268733151033,-0.550686203309075,0.4500641751983475,0.5453639872648541
-1.6209866513636255,0.7371245492832738,0.03188254170566333,-0.46406260750968653,-0.4684268733151033,-0.003014635303925257,0.4500641751983475,0.5453639872648541
0.8036824573987724,0.7371245492832738,0.9201456149812639,1.1143414205805848,-0.4684268733151033,-0.39920751861324383,0.4500641751983475,0.5453639872648541
-1.6209866513636255,-1.3566228407021954,-1.2020871655590402,0.32513940653544915,2.05823929183909,2.084470142103284,-2.320040360946394,0.5453639872648541
-1.6209866513636255,0.7371245492832738,-0.6518786669004428,-0.46406260750968653,0.7949062092619934,1.0826533605863689,-0.9072870475125758,0.5453639872648541
