Pclass,Sex,Age_clean,SibSp,Parch,Fare,Cabin,Embarked
-0.40865209698242655,0.7371245492832738,2.5707711109570557,-0.46406260750968653,-0.4684268733151033,-0.41272442411904325,0.4500641751983475,0.573493592367507
0.8036824573987724,0.7371245492832738,-1.6736944501235522,2.6927454486708564,0.7949062092619934,-0.06666138482156106,0.4500641751983475,-0.7186818435997869
0.8036824573987724,0.7371245492832738,0.21273468813449584,-0.46406260750968653,-0.4684268733151033,0.4419035674470847,0.4500641751983475,0.573493592367507
0.8036824573987724,-1.3566228407021954,-0.7304798809945282,0.32513940653544915,-0.4684268733151033,-0.4252663060801601,0.4500641751983475,0.573493592367507
-0.40865209698242655,-1.3566228407021954,-0.10167016824184551,-0.46406260750968653,-0.4684268733151033,-0.3662730094482403,0.4500641751983475,0.573493592367507
0.8036824573987724,-1.3566228407021954,-0.6518786669004428,-0.46406260750968653,-0.4684268733151033,-0.46382098025692653,0.4500641751983475,-0.7186818435997869
0.8036824573987724,0.7371245492832738,0.6057407586049225,1.1143414205805848,-0.4684268733151033,-0.4605693812299703,0.4500641751983475,0.573493592367507
0.8036824573987724,-1.3566228407021954,-0.9662835232767842,-0.46406260750968653,-0.4684268733151033,-0.33917697024246746,0.4500641751983475,-2.0108572795670807
0.8036824573987724,-1.3566228407021954,0.03188254170566333,-0.46406260750968653,-0.4684268733151033,-0.46382098025692653,0.4500641751983475,-0.7186818435997869
-1.6209866513636255,0.7371245492832738,1.3131516854516905,0.32513940653544915,-0.4684268733151033,0.5288457512581332,-0.2424619588378379,0.573493592367507
0.8036824573987724,0.7371245492832738,0.03188254170566333,-0.46406260750968653,-0.4684268733151033,-0.32725382112476575,0.4500641751983475,0.573493592367507
0.8036824573987724,0.7371245492832738,-0.41607502461818685,-0.46406260750968653,-0.4684268733151033,-0.4582468104964302,0.4500641751983475,0.573493592367507
-1.6209866513636255,0.7371245492832738,-0.023068954147760175,0.32513940653544915,-0.4684268733151033,0.6296453210937756,-1.9322257258861302,0.573493592367507
-1.6209866513636255,-1.3566228407021954,2.099163826392544,-0.46406260750968653,0.7949062092619934,0.9373079049111984,-1.6829163176331035,-2.0108572795670807
-0.40865209698242655,0.7371245492832738,0.13413347404041048,0.32513940653544915,0.7949062092619934,0.07973860976811523,0.4500641751983475,-2.0108572795670807
0.8036824573987724,0.7371245492832738,0.03188254170566333,-0.46406260750968653,-0.4684268733151033,-0.46382098025692653,0.4500641751983475,-0.7186818435997869
-0.40865209698242655,0.7371245492832738,0.21273468813449584,0.32513940653544915,-0.4684268733151033,-0.12472565316006479,0.4500641751983475,0.573493592367507
0.8036824573987724,0.7371245492832738,0.2913359022285812,0.32513940653544915,0.7949062092619934,-0.22645425128912336,0.4500641751983475,0.573493592367507
0.8036824573987724,0.7371245492832738,2.3349674686748,-0.46406260750968653,-0.4684268733151033,-0.47311126319108715,0.4500641751983475,0.573493592367507
-1.6209866513636255,-1.3566228407021954,2.2563662545807146,-0.46406260750968653,-0.4684268733151033,-0.11450634193248813,-2.2646382702234993,0.573493592367507
0.8036824573987724,-1.3566228407021954,0.03188254170566333,0.32513940653544915,-0.4684268733151033,-0.30867325525644457,0.4500641751983475,0.573493592367507
-0.40865209698242655,-1.3566228407021954,-2.066700520593979,0.32513940653544915,2.05823929183909,0.16474469861568475,0.4500641751983475,-2.0108572795670807
0.8036824573987724,0.7371245492832738,0.03188254170566333,-0.46406260750968653,-0.4684268733151033,-0.4611119337533253,0.4500641751983475,-2.0108572795670807
-1.6209866513636255,-1.3566228407021954,-1.0448847373708696,-0.46406260750968653,0.7949062092619934,0.46946597885615227,-3.1510717217898163,-2.0108572795670807
0.8036824573987724,-1.3566228407021954,1.2345504713576052,0.32513940653544915,4.584905456993283,-0.08942257801025455,0.4500641751983475,0.573493592367507
-1.6209866513636255,-1.3566228407021954,1.0773480431694344,-0.46406260750968653,0.7949062092619934,3.318949973459915,-3.0125664949825794,0.573493592367507
-1.6209866513636255,-1.3566228407021954,0.05553225994632516,-0.46406260750968653,-0.4684268733151033,1.369616356799667,0.4500641751983475,-2.0108572795670807
0.8036824573987724,0.7371245492832738,-0.062369561194802844,-0.46406260750968653,-0.4684268733151033,-0.30867325525644457,0.4500641751983475,0.573493592367507
0.8036824573987724,0.7371245492832738,-0.41607502461818685,-0.46406260750968653,-0.4684268733151033,-0.46296999034015746,0.4500641751983475,0.573493592367507
-0.40865209698242655,0.7371245492832738,0.05553225994632516,-0.46406260750968653,-0.4684268733151033,-0.3662730094482403,0.4500641751983475,0.573493592367507
-1.6209866513636255,0.7371245492832738,0.5271395445108372,-0.46406260750968653,-0.4684268733151033,0.13772483972997204,-3.6219894929344223,-2.0108572795670807
0.8036824573987724,0.7371245492832738,-0.3374738105241015,-0.46406260750968653,-0.4684268733151033,-0.47682737636475137,0.4500641751983475,0.573493592367507
0.8036824573987724,-1.3566228407021954,0.03188254170566333,-0.46406260750968653,2.05823929183909,-0.46382098025692653,0.4500641751983475,-0.7186818435997869
-1.6209866513636255,-1.3566228407021954,1.6275565418280318,-0.46406260750968653,-0.4684268733151033,-0.07432586824224358,-1.710617362994551,-2.0108572795670807
0.8036824573987724,-1.3566228407021954,-2.243553252305671,1.1143414205805848,0.7949062092619934,-0.2499902540745258,0.4500641751983475,-2.0108572795670807
-1.6209866513636255,-1.3566228407021954,-0.41607502461818685,-0.46406260750968653,-0.4684268733151033,0.31199568312213016,-1.2951016825728396,-2.0108572795670807
-0.40865209698242655,-1.3566228407021954,-0.41607502461818685,0.32513940653544915,2.05823929183909,0.5999164157044617,0.4500641751983475,0.573493592367507
-1.6209866513636255,-1.3566228407021954,0.44853833041675184,0.32513940653544915,-0.4684268733151033,0.3583690594162862,0.4500641751983475,0.573493592367507
-1.6209866513636255,-1.3566228407021954,0.05553225994632516,-0.46406260750968653,-0.4684268733151033,0.9993985818733674,-2.513947678476526,0.573493592367507
-0.40865209698242655,0.7371245492832738,-0.4946762387122722,-0.46406260750968653,-0.4684268733151033,-0.3662730094482403,0.4500641751983475,0.573493592367507
0.8036824573987724,0.7371245492832738,0.03188254170566333,-0.46406260750968653,-0.4684268733151033,-0.4611119337533253,0.4500641751983475,0.573493592367507
-0.40865209698242655,0.7371245492832738,-0.18027138233593085,-0.46406260750968653,-0.4684268733151033,-0.12472565316006479,0.4500641751983475,0.573493592367507
-0.40865209698242655,-1.3566228407021954,2.0205626122984586,-0.46406260750968653,-0.4684268733151033,-0.3105313118432767,0.4500641751983475,0.573493592367507
-1.6209866513636255,-1.3566228407021954,0.44853833041675184,0.32513940653544915,-0.4684268733151033,0.37880768187143954,-2.0984319980548145,0.573493592367507
0.8036824573987724,0.7371245492832738,0.03188254170566333,-0.46406260750968653,-0.4684268733151033,-0.48038927084170857,0.4500641751983475,-0.7186818435997869
-1.6209866513636255,-1.3566228407021954,0.03188254170566333,-0.46406260750968653,-0.4684268733151033,0.8637604510346227,0.4500641751983475,-2.0108572795670807
0.8036824573987724,0.7371245492832738,0.03188254170566333,0.32513940653544915,-0.4684268733151033,-0.23682778121340706,0.4500641751983475,0.573493592367507
-0.40865209698242655,-1.3566228407021954,-0.4946762387122722,-0.46406260750968653,-0.4684268733151033,-0.3515627754502904,-1.128895410404155,-2.0108572795670807
0.8036824573987724,-1.3566228407021954,0.03188254170566333,-0.46406260750968653,-0.4684268733151033,-0.4641312757069275,0.4500641751983475,-0.7186818435997869
-1.6209866513636255,-1.3566228407021954,-0.4946762387122722,0.32513940653544915,-0.4684268733151033,1.4968932329976674,-0.7687818207053387,-2.0108572795670807
0.8036824573987724,0.7371245492832738,1.7061577559221173,-0.46406260750968653,-0.4684268733151033,-0.4582468104964302,0.4500641751983475,0.573493592367507
-0.40865209698242655,-1.3566228407021954,0.2913359022285812,-0.46406260750968653,2.05823929183909,-0.12472565316006479,0.4500641751983475,0.573493592367507
0.8036824573987724,-1.3566228407021954,-0.023068954147760175,-0.46406260750968653,4.584905456993283,-0.21623494006154667,0.4500641751983475,0.573493592367507
0.8036824573987724,0.7371245492832738,0.03188254170566333,-0.46406260750968653,-0.4684268733151033,-0.4611119337533253,0.4500641751983475,-2.0108572795670807
0.8036824573987724,0.7371245492832738,0.03188254170566333,5.849553504851398,2.05823929183909,0.6844579904053231,0.4500641751983475,0.573493592367507
-0.40865209698242655,-1.3566228407021954,-2.145301734688064,0.32513940653544915,0.7949062092619934,-0.12472565316006479,0.4500641751983475,0.573493592367507
-0.40865209698242655,-1.3566228407021954,-1.2020871655590402,0.32513940653544915,-0.4684268733151033,-0.04908788562330291,0.4500641751983475,-2.0108572795670807
-0.40865209698242655,0.7371245492832738,1.9419613982043733,0.32513940653544915,-0.4684268733151033,-0.12472565316006479,0.4500641751983475,0.573493592367507
0.8036824573987724,-1.3566228407021954,-1.123485951464955,-0.46406260750968653,-0.4684268733151033,-0.4586332862664913,0.4500641751983475,-0.7186818435997869
-1.6209866513636255,-1.3566228407021954,-0.5732774528063576,-0.46406260750968653,0.7949062092619934,0.4141107570212498,-0.21476091347639045,0.573493592367507
-0.40865209698242655,0.7371245492832738,-0.18027138233593085,-0.46406260750968653,-0.4684268733151033,-0.3662730094482403,0.4500641751983475,0.573493592367507
0.8036824573987724,0.7371245492832738,0.03188254170566333,-0.46406260750968653,-0.4684268733151033,-0.4611119337533253,0.4500641751983475,0.573493592367507
-1.6209866513636255,0.7371245492832738,0.03188254170566333,-0.46406260750968653,-0.4684268733151033,0.12797004264910344,0.4500641751983475,-2.0108572795670807
-0.40865209698242655,-1.3566228407021954,-0.10167016824184551,0.32513940653544915,-0.4684268733151033,-0.1618867848967072,0.4500641751983475,-2.0108572795670807
0.8036824573987724,0.7371245492832738,0.7629431867930931,-0.46406260750968653,-0.4684268733151033,-0.4605693812299703,0.4500641751983475,0.573493592367507
-0.40865209698242655,0.7371245492832738,-2.145301734688064,0.32513940653544915,0.7949062092619934,-0.12472565316006479,0.283857903029663,0.573493592367507
0.8036824573987724,0.7371245492832738,-0.41607502461818685,0.32513940653544915,-0.4684268733151033,-0.30867325525644457,0.4500641751983475,0.573493592367507
0.8036824573987724,0.7371245492832738,0.21273468813449584,-0.46406260750968653,-0.4684268733151033,-0.4611119337533253,0.4500641751983475,0.573493592367507
0.8036824573987724,0.7371245492832738,1.273851078404648,-0.46406260750968653,-0.4684268733151033,-0.47357577733779516,0.4500641751983475,-2.0108572795670807
-0.40865209698242655,-1.3566228407021954,-1.6736944501235522,-0.46406260750968653,2.05823929183909,-0.12008051169298449,0.4500641751983475,0.573493592367507
0.8036824573987724,0.7371245492832738,-0.2588725964300162,0.32513940653544915,2.05823929183909,-0.22552522299570726,0.4500641751983475,0.573493592367507
-1.6209866513636255,-1.3566228407021954,-0.023068954147760175,-0.46406260750968653,-0.4684268733151033,3.318949973459915,-2.7355560413681053,0.573493592367507
-0.40865209698242655,-1.3566228407021954,1.2345504713576052,0.32513940653544915,0.7949062092619934,-0.12008051169298449,0.4500641751983475,0.573493592367507
0.8036824573987724,-1.3566228407021954,0.5271395445108372,0.32513940653544915,-0.4684268733151033,-0.2845185196276271,0.4500641751983475,0.573493592367507
-1.6209866513636255,0.7371245492832738,0.03188254170566333,-0.46406260750968653,-0.4684268733151033,-0.12472565316006479,-3.5388863568500804,0.573493592367507
0.8036824573987724,-1.3566228407021954,-1.9880993064998935,-0.46406260750968653,2.05823929183909,-0.19858340248664155,0.4500641751983475,0.573493592367507
-0.40865209698242655,0.7371245492832738,-1.0448847373708696,-0.46406260750968653,-0.4684268733151033,-0.12472565316006479,0.4500641751983475,0.573493592367507
-1.6209866513636255,0.7371245492832738,2.2563662545807146,-0.46406260750968653,-0.4684268733151033,-0.05597755944727639,-2.929463358898237,-2.0108572795670807
0.8036824573987724,0.7371245492832738,0.8808450079342212,-0.46406260750968653,2.05823929183909,-0.3384021606457585,0.4500641751983475,0.573493592367507
0.8036824573987724,0.7371245492832738,-0.3374738105241015,-0.46406260750968653,-0.4684268733151033,-0.4656790368437587,0.2561568576682156,0.573493592367507
0.8036824573987724,0.7371245492832738,0.03188254170566333,-0.46406260750968653,-0.4684268733151033,-0.4611119337533253,0.4500641751983475,0.573493592367507
0.8036824573987724,0.7371245492832738,1.7061577559221173,-0.46406260750968653,-0.4684268733151033,-0.4767493379881044,0.4500641751983475,0.573493592367507
-0.40865209698242655,0.7371245492832738,0.03188254170566333,-0.46406260750968653,-0.4684268733151033,-0.6078203657364158,0.4500641751983475,0.573493592367507
0.8036824573987724,-1.3566228407021954,-0.9662835232767842,2.6927454486708564,2.05823929183909,-0.4605693812299703,0.4500641751983475,0.573493592367507
0.8036824573987724,0.7371245492832738,0.03188254170566333,-0.46406260750968653,-0.4684268733151033,-0.4786854329515835,0.4500641751983475,-0.7186818435997869
0.8036824573987724,0.7371245492832738,0.8415444008871785,0.32513940653544915,0.7949062092619934,-0.3198215947774373,0.4500641751983475,-0.7186818435997869
0.8036824573987724,0.7371245492832738,-0.3374738105241015,-0.46406260750968653,-0.4684268733151033,-0.6078203657364158,0.4500641751983475,0.573493592367507
-1.6209866513636255,0.7371245492832738,1.391752899545776,-0.46406260750968653,-0.4684268733151033,-0.1323901365807473,0.034548494776636275,0.573493592367507
-1.6209866513636255,0.7371245492832738,0.03188254170566333,-0.46406260750968653,-0.4684268733151033,-0.11450634193248813,-2.070730952693367,0.573493592367507
-0.40865209698242655,0.7371245492832738,1.15594925726352,0.32513940653544915,-0.4684268733151033,-0.12472565316006479,0.4500641751983475,0.573493592367507
-1.6209866513636255,-1.3566228407021954,-0.4946762387122722,1.9035434346257205,2.05823929183909,4.278868457632058,-1.8768236351632352,0.573493592367507
-0.40865209698242655,0.7371245492832738,-0.8876823091826989,-0.46406260750968653,-0.4684268733151033,-0.39414385825072207,0.4500641751983475,0.573493592367507
-0.40865209698242655,0.7371245492832738,-0.023068954147760175,0.32513940653544915,-0.4684268733151033,-0.21762848250167074,0.4500641751983475,0.573493592367507
0.8036824573987724,0.7371245492832738,-1.359289593747211,0.32513940653544915,-0.4684268733151033,-0.3989432184145094,0.4500641751983475,-2.0108572795670807
0.8036824573987724,0.7371245492832738,-1.4378908078412962,-0.46406260750968653,-0.4684268733151033,-0.25873798448533136,0.4500641751983475,-2.0108572795670807
0.8036824573987724,-1.3566228407021954,-0.5732774528063576,-0.46406260750968653,-0.4684268733151033,-0.46382098025692653,0.4500641751983475,-0.7186818435997869
-0.40865209698242655,0.7371245492832738,-0.8090810950886135,-0.46406260750968653,-0.4684268733151033,-0.41272442411904325,0.4500641751983475,0.573493592367507
0.8036824573987724,0.7371245492832738,-0.5732774528063576,0.32513940653544915,-0.4684268733151033,-0.47311126319108715,0.4500641751983475,0.573493592367507
0.8036824573987724,0.7371245492832738,0.2913359022285812,-0.46406260750968653,-0.4684268733151033,-0.4611119337533253,0.4500641751983475,0.573493592367507
-1.6209866513636255,0.7371245492832738,2.099163826392544,-0.46406260750968653,-0.4684268733151033,-0.11450634193248813,0.4500641751983475,0.573493592367507
-0.40865209698242655,0.7371245492832738,-2.2239029487821496,-0.46406260750968653,2.05823929183909,0.07973860976811523,0.4500641751983475,-2.0108572795670807
0.8036824573987724,0.7371245492832738,-0.5732774528063576,-0.46406260750968653,-0.4684268733151033,-0.46296999034015746,0.4500641751983475,0.573493592367507
0.8036824573987724,0.7371245492832738,0.03188254170566333,-0.46406260750968653,-0.4684268733151033,-0.4734977389611483,0.4500641751983475,-2.0108572795670807
0.8036824573987724,0.7371245492832738,0.03188254170566333,-0.46406260750968653,-0.4684268733151033,-0.46382098025692653,0.4500641751983475,-0.7186818435997869
0.8036824573987724,0.7371245492832738,-1.7522956642176375,2.6927454486708564,0.7949062092619934,-0.06666138482156106,0.4500641751983475,-0.7186818435997869
0.8036824573987724,-1.3566228407021954,-1.9880993064998935,-0.46406260750968653,0.7949062092619934,-0.3585304876509109,0.4500641751983475,-2.0108572795670807
0.8036824573987724,0.7371245492832738,2.8065747532393117,-0.46406260750968653,-0.4684268733151033,-0.46382098025692653,0.4500641751983475,-0.7186818435997869
-0.40865209698242655,0.7371245492832738,-0.8876823091826989,-0.46406260750968653,-0.4684268733151033,-0.3662730094482403,0.4500641751983475,0.573493592367507
0.8036824573987724,0.7371245492832738,-0.7304798809945282,0.32513940653544915,0.7949062092619934,-0.31533067200706405,0.4500641751983475,-2.0108572795670807
-0.40865209698242655,0.7371245492832738,-0.41607502461818685,1.1143414205805848,-0.4684268733151033,0.7578512255851919,0.4500641751983475,0.573493592367507
0.8036824573987724,0.7371245492832738,0.03188254170566333,-0.46406260750968653,-0.4684268733151033,-0.47357577733779516,0.4500641751983475,-2.0108572795670807
-0.40865209698242655,-1.3566228407021954,0.3699371163226665,-0.46406260750968653,-0.4684268733151033,-0.41272442411904325,0.3115589483911104,0.573493592367507
0.8036824573987724,-1.3566228407021954,0.03188254170566333,-0.46406260750968653,-0.4684268733151033,-0.46382098025692653,0.4500641751983475,-0.7186818435997869
-1.6209866513636255,-1.3566228407021954,0.13413347404041048,-0.46406260750968653,2.05823929183909,2.455496213106334,-1.516710045464419,0.573493592367507
0.8036824573987724,0.7371245492832738,0.05553225994632516,-0.46406260750968653,-0.4684268733151033,-0.4611119337533253,0.4500641751983475,0.573493592367507
-0.40865209698242655,0.7371245492832738,-0.8876823091826989,-0.46406260750968653,-0.4684268733151033,-0.39414385825072207,0.4500641751983475,0.573493592367507
0.8036824573987724,-1.3566228407021954,-1.595093236029467,1.9035434346257205,2.05823929183909,-0.08942257801025455,0.4500641751983475,0.573493592367507
-1.6209866513636255,-1.3566228407021954,0.7629431867930931,0.32513940653544915,0.7949062092619934,0.8721217056753673,0.08995058549953111,0.573493592367507
-1.6209866513636255,-1.3566228407021954,0.2913359022285812,0.32513940653544915,-0.4684268733151033,0.37880768187143954,0.17305372158387336,0.573493592367507
-1.6209866513636255,0.7371245492832738,2.8065747532393117,0.32513940653544915,0.7949062092619934,0.7113998109143889,-3.0679685857054744,0.573493592367507
-1.6209866513636255,-1.3566228407021954,-0.41607502461818685,-0.46406260750968653,-0.4684268733151033,0.6798128489382428,-2.9571644042596845,-2.0108572795670807
-1.6209866513636255,-1.3566228407021954,2.2563662545807146,-0.46406260750968653,0.7949062092619934,2.243599723830825,-2.04302990733192,0.573493592367507
0.8036824573987724,0.7371245492832738,-0.6518786669004428,-0.46406260750968653,-0.4684268733151033,-0.4618848852934475,0.4500641751983475,0.573493592367507
-1.6209866513636255,-1.3566228407021954,-0.9662835232767842,0.32513940653544915,-0.4684268733151033,1.4156032573237622,-1.5721121361873138,-2.0108572795670807
0.8036824573987724,-1.3566228407021954,-0.10167016824184551,0.32513940653544915,0.7949062092619934,-0.34026021723259064,0.4500641751983475,0.573493592367507
-1.6209866513636255,-1.3566228407021954,-0.41607502461818685,-0.46406260750968653,-0.4684268733151033,0.9373079049111984,-1.6275142269102085,-2.0108572795670807
0.8036824573987724,0.7371245492832738,0.03188254170566333,-0.46406260750968653,-0.4684268733151033,-0.47357577733779516,0.4500641751983475,-2.0108572795670807
0.8036824573987724,0.7371245492832738,0.03188254170566333,0.32513940653544915,-0.4684268733151033,-0.3198215947774373,0.4500641751983475,-0.7186818435997869
0.8036824573987724,0.7371245492832738,0.9987468290753492,-0.46406260750968653,-0.4684268733151033,-0.4468662139020834,0.4500641751983475,0.573493592367507
0.8036824573987724,0.7371245492832738,-0.8876823091826989,0.32513940653544915,-0.4684268733151033,-0.487124725968975,0.4500641751983475,0.573493592367507
0.8036824573987724,-1.3566228407021954,-2.145301734688064,-0.46406260750968653,0.7949062092619934,-0.3795116626294191,0.4500641751983475,0.573493592367507
-0.40865209698242655,-1.3566228407021954,0.3699371163226665,-0.46406260750968653,-0.4684268733151033,-0.3662730094482403,0.4500641751983475,0.573493592367507
0.8036824573987724,0.7371245492832738,-2.066700520593979,2.6927454486708564,2.05823929183909,-0.024622854544484377,0.4500641751983475,0.573493592367507
-1.6209866513636255,-1.3566228407021954,2.2563662545807146,-0.46406260750968653,-0.4684268733151033,2.1146190097427002,-2.4308445423921836,-2.0108572795670807
0.8036824573987724,0.7371245492832738,0.21273468813449584,-0.46406260750968653,-0.4684268733151033,-0.46382098025692653,0.4500641751983475,-0.7186818435997869
0.8036824573987724,0.7371245492832738,0.13413347404041048,-0.46406260750968653,-0.4684268733151033,-0.4605693812299703,0.4500641751983475,0.573493592367507
0.8036824573987724,0.7371245492832738,0.03188254170566333,-0.46406260750968653,-0.4684268733151033,-0.4633564661102186,0.4500641751983475,0.573493592367507
-0.40865209698242655,-1.3566228407021954,-0.18027138233593085,0.32513940653544915,-0.4684268733151033,-0.3503253097634602,0.4500641751983475,-2.0108572795670807
0.8036824573987724,0.7371245492832738,-1.4378908078412962,3.4819474627159916,2.05823929183909,0.2636081734878481,0.4500641751983475,0.573493592367507
-0.40865209698242655,0.7371245492832738,-0.4946762387122722,-0.46406260750968653,-0.4684268733151033,-0.3662730094482403,0.4500641751983475,0.573493592367507
-1.6209866513636255,0.7371245492832738,0.8415444008871785,-0.46406260750968653,-0.4684268733151033,-0.6078203657364158,-2.3477414063078412,0.573493592367507
0.8036824573987724,0.7371245492832738,0.03188254170566333,-0.46406260750968653,-0.4684268733151033,-0.4734977389611483,0.4500641751983475,-2.0108572795670807
0.8036824573987724,-1.3566228407021954,-0.10167016824184551,-0.46406260750968653,-0.4684268733151033,-0.4611119337533253,0.4500641751983475,0.573493592367507
-0.40865209698242655,-1.3566228407021954,-0.10167016824184551,-0.46406260750968653,-0.4684268733151033,-0.3662730094482403,0.4500641751983475,0.573493592367507
0.8036824573987724,0.7371245492832738,0.03188254170566333,0.32513940653544915,-0.4684268733151033,-0.23682778121340706,0.4500641751983475,0.573493592367507
0.8036824573987724,0.7371245492832738,-0.8090810950886135,-0.46406260750968653,-0.4684268733151033,-0.4188411464028946,0.4500641751983475,0.573493592367507
0.8036824573987724,-1.3566228407021954,0.05553225994632516,0.32513940653544915,0.7949062092619934,-0.159099700016459,0.4500641751983475,0.573493592367507
0.8036824573987724,0.7371245492832738,-0.7304798809945282,-0.46406260750968653,-0.4684268733151033,-0.4618848852934475,0.4500641751983475,0.573493592367507
0.8036824573987724,0.7371245492832738,-0.10167016824184551,-0.46406260750968653,-0.4684268733151033,0.4419035674470847,0.4500641751983475,0.573493592367507
0.8036824573987724,0.7371245492832738,0.5271395445108372,-0.46406260750968653,-0.4684268733151033,-0.6078203657364158,0.4500641751983475,0.573493592367507
0.8036824573987724,0.7371245492832738,0.03188254170566333,-0.46406260750968653,-0.4684268733151033,-0.4582468104964302,0.4500641751983475,0.573493592367507
-1.6209866513636255,-1.3566228407021954,-0.41607502461818685,1.9035434346257205,2.05823929183909,4.278868457632058,-1.8768236351632352,0.573493592367507
0.8036824573987724,0.7371245492832738,-0.062369561194802844,-0.46406260750968653,-0.4684268733151033,-0.4734977389611483,0.4500641751983475,-2.0108572795670807
0.8036824573987724,-1.3566228407021954,-0.41607502461818685,-0.46406260750968653,3.3215723744161862,-0.2499902540745258,0.4500641751983475,-2.0108572795670807
-0.40865209698242655,0.7371245492832738,0.9987468290753492,-0.46406260750968653,-0.4684268733151033,-0.3662730094482403,0.4500641751983475,0.573493592367507
-1.6209866513636255,0.7371245492832738,1.9419613982043733,-0.46406260750968653,0.7949062092619934,0.8282251188114582,-0.9072870475125758,0.573493592367507
0.8036824573987724,0.7371245492832738,-0.3374738105241015,-0.46406260750968653,-0.4684268733151033,-0.4639751989536336,0.4500641751983475,-0.7186818435997869
0.8036824573987724,0.7371245492832738,-1.7522956642176375,2.6927454486708564,0.7949062092619934,0.12959584216258152,0.4500641751983475,0.573493592367507
0.8036824573987724,0.7371245492832738,-0.3374738105241015,0.32513940653544915,-0.4684268733151033,-0.27708629328029855,0.4500641751983475,0.573493592367507
0.8036824573987724,-1.3566228407021954,-0.18027138233593085,-0.46406260750968653,0.7949062092619934,-0.3760278065291089,-0.3532661402836275,0.573493592367507
0.8036824573987724,-1.3566228407021954,-0.41607502461818685,0.32513940653544915,-0.4684268733151033,-0.31331839672352485,0.4500641751983475,0.573493592367507
0.8036824573987724,0.7371245492832738,0.03188254170566333,-0.46406260750968653,-0.4684268733151033,-0.47311126319108715,0.4500641751983475,0.573493592367507
-0.40865209698242655,-1.3566228407021954,-0.10167016824184551,-0.46406260750968653,-0.4684268733151033,-0.37277620750215273,0.4500641751983475,0.573493592367507
0.8036824573987724,0.7371245492832738,-0.8090810950886135,-0.46406260750968653,-0.4684268733151033,-0.3384021606457585,0.4500641751983475,0.573493592367507
0.8036824573987724,0.7371245492832738,-0.5732774528063576,-0.46406260750968653,-0.4684268733151033,-0.47311126319108715,0.4500641751983475,0.573493592367507
0.8036824573987724,-1.3566228407021954,0.03188254170566333,-0.46406260750968653,-0.4684268733151033,-0.47357577733779516,0.4500641751983475,-2.0108572795670807
0.8036824573987724,-1.3566228407021954,0.03188254170566333,5.849553504851398,2.05823929183909,0.6844579904053231,0.4500641751983475,0.573493592367507
-1.6209866513636255,0.7371245492832738,0.9987468290753492,-0.46406260750968653,-0.4684268733151033,-0.11938374047292243,-0.2978640495607327,0.573493592367507
-0.40865209698242655,0.7371245492832738,1.6275565418280318,-0.46406260750968653,-0.4684268733151033,-0.3662730094482403,0.4500641751983475,0.573493592367507
-0.40865209698242655,0.7371245492832738,-2.066700520593979,0.32513940653544915,0.7949062092619934,-0.2594347557053934,0.4500641751983475,0.573493592367507
-1.6209866513636255,0.7371245492832738,0.03188254170566333,-0.46406260750968653,-0.4684268733151033,3.619722883453364,0.4500641751983475,-2.0108572795670807
0.8036824573987724,-1.3566228407021954,-0.8876823091826989,1.1143414205805848,-0.4684268733151033,-0.27337018010663433,0.4500641751983475,0.573493592367507
0.8036824573987724,0.7371245492832738,-0.8876823091826989,0.32513940653544915,0.7949062092619934,-0.4618848852934475,0.4500641751983475,0.573493592367507
-1.6209866513636255,0.7371245492832738,1.15594925726352,1.1143414205805848,-0.4684268733151033,1.0644305624124915,-1.4613079547415242,-0.7186818435997869
-1.6209866513636255,0.7371245492832738,0.03188254170566333,-0.46406260750968653,-0.4684268733151033,-0.05040338968678002,-0.7133797299824439,0.573493592367507
-1.6209866513636255,0.7371245492832738,0.03188254170566333,-0.46406260750968653,-0.4684268733151033,0.17999562708040273,0.4500641751983475,0.573493592367507
0.8036824573987724,0.7371245492832738,0.03188254170566333,0.32513940653544915,-0.4684268733151033,-0.159099700016459,0.4500641751983475,-0.7186818435997869
0.8036824573987724,0.7371245492832738,-1.0448847373708696,-0.46406260750968653,-0.4684268733151033,-0.4633564661102186,0.4500641751983475,0.573493592367507
0.8036824573987724,0.7371245492832738,0.03188254170566333,-0.46406260750968653,-0.4684268733151033,-0.4719499778243171,0.4500641751983475,0.573493592367507
0.8036824573987724,0.7371245492832738,-0.5732774528063576,-0.46406260750968653,-0.4684268733151033,-0.4611119337533253,0.4500641751983475,0.573493592367507
-0.40865209698242655,-1.3566228407021954,-1.9880993064998935,0.32513940653544915,0.7949062092619934,-0.18046735076502837,0.4500641751983475,0.573493592367507
-0.40865209698242655,0.7371245492832738,0.03188254170566333,-0.46406260750968653,-0.4684268733151033,-0.3662730094482403,0.4500641751983475,0.573493592367507
0.8036824573987724,0.7371245492832738,-0.41607502461818685,-0.46406260750968653,-0.4684268733151033,-0.47512353847462635,0.4500641751983475,0.573493592367507
-0.40865209698242655,-1.3566228407021954,0.05553225994632516,-0.46406260750968653,-0.4684268733151033,-0.37835037726264903,0.4500641751983475,-0.7186818435997869
0.8036824573987724,-1.3566228407021954,-0.023068954147760175,-0.46406260750968653,2.05823929183909,-0.3245447746211646,0.4500641751983475,-2.0108572795670807
0.8036824573987724,0.7371245492832738,-0.41607502461818685,-0.46406260750968653,-0.4684268733151033,-0.4313049899873645,0.4500641751983475,0.573493592367507
-1.6209866513636255,-1.3566228407021954,1.2345504713576052,0.32513940653544915,0.7949062092619934,2.455496213106334,0.4500641751983475,0.573493592367507
-0.40865209698242655,-1.3566228407021954,0.21273468813449584,-0.46406260750968653,-0.4684268733151033,-0.3662730094482403,0.4500641751983475,0.573493592367507
0.8036824573987724,0.7371245492832738,-0.6518786669004428,-0.46406260750968653,-0.4684268733151033,-0.4605693812299703,0.4500641751983475,0.573493592367507
-1.6209866513636255,0.7371245492832738,0.44853833041675184,-0.46406260750968653,-0.4684268733151033,8.911546081127886,-3.2064738125127112,-2.0108572795670807
0.8036824573987724,-1.3566228407021954,0.03188254170566333,5.849553504851398,2.05823929183909,0.6844579904053231,0.4500641751983475,0.573493592367507
0.8036824573987724,0.7371245492832738,0.03188254170566333,1.1143414205805848,-0.4684268733151033,-0.17582220929794806,0.4500641751983475,-0.7186818435997869
-1.6209866513636255,0.7371245492832738,0.5271395445108372,-0.46406260750968653,0.7949062092619934,8.911546081127886,-2.6801539506452103,-2.0108572795670807
0.8036824573987724,-1.3566228407021954,0.9201456149812639,-0.46406260750968653,5.84823853957038,0.12959584216258152,0.4500641751983475,0.573493592367507
0.8036824573987724,-1.3566228407021954,-0.4946762387122722,-0.46406260750968653,-0.4684268733151033,-0.4675370934305908,0.4500641751983475,0.573493592367507
0.8036824573987724,0.7371245492832738,0.3699371163226665,0.32513940653544915,0.7949062092619934,-0.34026021723259064,0.4500641751983475,0.573493592367507
-0.40865209698242655,-1.3566228407021954,0.03188254170566333,-0.46406260750968653,-0.4684268733151033,0.005338307918183557,0.4500641751983475,0.573493592367507
0.8036824573987724,0.7371245492832738,0.03188254170566333,-0.46406260750968653,-0.4684268733151033,-0.159099700016459,0.4500641751983475,-0.7186818435997869
0.8036824573987724,-1.3566228407021954,-1.123485951464955,-0.46406260750968653,-0.4684268733151033,-0.47357577733779516,0.4500641751983475,-2.0108572795670807
0.8036824573987724,0.7371245492832738,0.03188254170566333,-0.46406260750968653,-0.4684268733151033,-0.4582468104964302,0.4500641751983475,0.573493592367507
0.8036824573987724,-1.3566228407021954,-0.8876823091826989,-0.46406260750968653,-0.4684268733151033,-0.4633564661102186,0.4500641751983475,0.573493592367507
0.8036824573987724,0.7371245492832738,0.05553225994632516,-0.46406260750968653,-0.4684268733151033,-0.4582468104964302,0.4500641751983475,0.573493592367507
-0.40865209698242655,0.7371245492832738,0.21273468813449584,1.1143414205805848,-0.4684268733151033,0.7578512255851919,0.4500641751983475,0.573493592367507
0.8036824573987724,0.7371245492832738,-1.9880993064998935,2.6927454486708564,0.7949062092619934,-0.06666138482156106,0.4500641751983475,-0.7186818435997869
0.8036824573987724,0.7371245492832738,-2.145301734688064,2.6927454486708564,0.7949062092619934,-0.06666138482156106,0.4500641751983475,-0.7186818435997869
0.8036824573987724,0.7371245492832738,0.03188254170566333,-0.46406260750968653,-0.4684268733151033,-0.4582468104964302,0.4500641751983475,0.573493592367507
0.8036824573987724,0.7371245492832738,0.03188254170566333,1.1143414205805848,-0.4684268733151033,-0.20500856216390698,0.4500641751983475,-2.0108572795670807
-1.6209866513636255,-1.3566228407021954,1.4703541136398612,-0.46406260750968653,-0.4684268733151033,-0.1260411572235419,-1.0180912289583655,0.573493592367507
0.8036824573987724,0.7371245492832738,0.13413347404041048,-0.46406260750968653,-0.4684268733151033,-0.46382098025692653,0.4500641751983475,-0.7186818435997869
-1.6209866513636255,0.7371245492832738,1.391752899545776,-0.46406260750968653,-0.4684268733151033,0.024305349556565856,-0.6856786846209965,0.573493592367507
0.8036824573987724,-1.3566228407021954,-0.2588725964300162,0.32513940653544915,-0.4684268733151033,-0.30867325525644457,0.4500641751983475,0.573493592367507
0.8036824573987724,0.7371245492832738,-1.595093236029467,3.4819474627159916,2.05823929183909,0.2636081734878481,0.4500641751983475,0.573493592367507
0.8036824573987724,0.7371245492832738,-0.8090810950886135,-0.46406260750968653,-0.4684268733151033,-0.4582468104964302,0.4500641751983475,0.573493592367507
0.8036824573987724,0.7371245492832738,0.03188254170566333,-0.46406260750968653,-0.4684268733151033,-0.4582468104964302,0.4500641751983475,0.573493592367507
0.8036824573987724,0.7371245492832738,-0.5732774528063576,-0.46406260750968653,-0.4684268733151033,-0.43409207486761264,0.4500641751983475,0.573493592367507
0.8036824573987724,0.7371245492832738,0.03188254170566333,-0.46406260750968653,-0.4684268733151033,-0.47357577733779516,0.4500641751983475,-2.0108572795670807
-0.40865209698242655,0.7371245492832738,-0.10167016824184551,-0.46406260750968653,0.7949062092619934,0.005338307918183557,0.4500641751983475,0.573493592367507
-0.40865209698242655,-1.3566228407021954,-0.41607502461818685,1.1143414205805848,3.3215723744161862,-0.2594347557053934,0.4500641751983475,0.573493592367507
0.8036824573987724,0.7371245492832738,-0.9662835232767842,-0.46406260750968653,-0.4684268733151033,-0.4468662139020834,0.4500641751983475,0.573493592367507
0.8036824573987724,0.7371245492832738,0.03188254170566333,0.32513940653544915,-0.4684268733151033,-0.3198215947774373,0.4500641751983475,-0.7186818435997869
0.8036824573987724,-1.3566228407021954,0.03188254170566333,1.9035434346257205,0.7949062092619934,-0.1346346689376405,0.4500641751983475,0.573493592367507
0.8036824573987724,0.7371245492832738,-0.6518786669004428,-0.46406260750968653,-0.4684268733151033,-0.4582468104964302,0.4500641751983475,0.573493592367507
-1.6209866513636255,0.7371245492832738,1.7061577559221173,-0.46406260750968653,-0.4684268733151033,-0.11450634193248813,-0.3255650949221801,0.573493592367507
0.8036824573987724,-1.3566228407021954,-2.066700520593979,1.9035434346257205,0.7949062092619934,-0.21623494006154667,0.4500641751983475,0.573493592367507
0.8036824573987724,-1.3566228407021954,-2.243553252305671,1.1143414205805848,0.7949062092619934,-0.2499902540745258,0.4500641751983475,-2.0108572795670807
0.8036824573987724,0.7371245492832738,0.03188254170566333,-0.46406260750968653,-0.4684268733151033,-0.4734977389611483,0.4500641751983475,-2.0108572795670807
0.8036824573987724,0.7371245492832738,0.3699371163226665,-0.46406260750968653,-0.4684268733151033,-0.4582468104964302,0.4500641751983475,0.573493592367507
-0.40865209698242655,-1.3566228407021954,-0.8876823091826989,-0.46406260750968653,0.7949062092619934,-0.18046735076502837,0.4500641751983475,0.573493592367507
-1.6209866513636255,-1.3566228407021954,1.15594925726352,-0.46406260750968653,-0.4684268733151033,-0.09275221541385767,-2.8463602228138947,-2.0108572795670807
0.8036824573987724,0.7371245492832738,0.03188254170566333,-0.46406260750968653,-0.4684268733151033,-0.3384021606457585,0.4500641751983475,0.573493592367507
0.8036824573987724,0.7371245492832738,0.03188254170566333,-0.46406260750968653,-0.4684268733151033,-0.4313049899873645,0.4500641751983475,0.573493592367507
0.8036824573987724,-1.3566228407021954,0.6057407586049225,-0.46406260750968653,-0.4684268733151033,-0.4296791904738864,0.4500641751983475,0.573493592367507
-0.40865209698242655,0.7371245492832738,-0.6518786669004428,0.32513940653544915,-0.4684268733151033,-0.39414385825072207,0.4500641751983475,0.573493592367507
-1.6209866513636255,0.7371245492832738,0.5271395445108372,0.32513940653544915,-0.4684268733151033,0.8572572529807101,-1.7660194537174456,0.573493592367507
0.8036824573987724,0.7371245492832738,0.21273468813449584,-0.46406260750968653,-0.4684268733151033,-0.4605693812299703,0.4500641751983475,0.573493592367507
0.8036824573987724,-1.3566228407021954,0.03188254170566333,0.32513940653544915,2.05823929183909,-0.17210609612428385,0.4500641751983475,0.573493592367507
0.8036824573987724,0.7371245492832738,-0.2588725964300162,-0.46406260750968653,-0.4684268733151033,-0.4633564661102186,0.4500641751983475,0.573493592367507
-1.6209866513636255,0.7371245492832738,2.8065747532393117,-0.46406260750968653,-0.4684268733151033,-0.05040338968678002,-3.4834842661271854,0.573493592367507
0.8036824573987724,0.7371245492832738,2.0598632193455013,-0.46406260750968653,-0.4684268733151033,-0.4582468104964302,0.4500641751983475,0.573493592367507
-0.40865209698242655,0.7371245492832738,2.413568682768885,0.32513940653544915,0.7949062092619934,0.11682170312811072,0.4500641751983475,0.573493592367507
0.8036824573987724,0.7371245492832738,0.03188254170566333,-0.46406260750968653,-0.4684268733151033,-0.4641312757069275,0.4500641751983475,-0.7186818435997869
0.8036824573987724,0.7371245492832738,-0.8876823091826989,-0.46406260750968653,-0.4684268733151033,-0.4633564661102186,0.4500641751983475,0.573493592367507
0.8036824573987724,-1.3566228407021954,-1.1627865585119976,0.32513940653544915,-0.4684268733151033,-0.33925315056252764,0.4500641751983475,-2.0108572795670807
-0.40865209698242655,0.7371245492832738,-0.8090810950886135,-0.46406260750968653,-0.4684268733151033,-0.41272442411904325,0.4500641751983475,0.573493592367507
-0.40865209698242655,-1.3566228407021954,-1.9880993064998935,1.1143414205805848,0.7949062092619934,0.11682170312811072,0.36696103911400524,0.573493592367507
0.8036824573987724,0.7371245492832738,0.2913359022285812,-0.46406260750968653,-0.4684268733151033,-0.44702043259879054,0.4500641751983475,0.573493592367507
0.8036824573987724,0.7371245492832738,-0.6518786669004428,-0.46406260750968653,-0.4684268733151033,-0.4641312757069275,0.4500641751983475,-0.7186818435997869
0.8036824573987724,-1.3566228407021954,-1.5164920219353815,-0.46406260750968653,2.05823929183909,-0.159099700016459,0.4500641751983475,0.573493592367507
-0.40865209698242655,0.7371245492832738,1.391752899545776,-0.46406260750968653,-0.4684268733151033,-0.3291118777115979,0.4500641751983475,0.573493592367507
0.8036824573987724,-1.3566228407021954,-2.145301734688064,2.6927454486708564,2.05823929183909,-0.026713168204670526,0.4500641751983475,0.573493592367507
-0.40865209698242655,-1.3566228407021954,-0.023068954147760175,0.32513940653544915,-0.4684268733151033,-0.12472565316006479,0.4500641751983475,0.573493592367507
-1.6209866513636255,-1.3566228407021954,-0.5732774528063576,0.32513940653544915,-0.4684268733151033,0.6296453210937756,-1.9322257258861302,0.573493592367507
0.8036824573987724,0.7371245492832738,-0.10167016824184551,0.32513940653544915,-0.4684268733151033,-0.31331839672352485,0.4500641751983475,0.573493592367507
-1.6209866513636255,0.7371245492832738,0.03188254170566333,-0.46406260750968653,-0.4684268733151033,-0.05597755944727639,-1.7383184083559984,-2.0108572795670807
0.8036824573987724,0.7371245492832738,-0.2588725964300162,-0.46406260750968653,-0.4684268733151033,-0.25873798448533136,0.4500641751983475,-2.0108572795670807
0.8036824573987724,0.7371245492832738,0.2913359022285812,-0.46406260750968653,-0.4684268733151033,-0.4313049899873645,0.4500641751983475,0.573493592367507
-0.40865209698242655,-1.3566228407021954,-0.18027138233593085,-0.46406260750968653,-0.4684268733151033,-0.41272442411904325,-0.4086682310065224,0.573493592367507
0.8036824573987724,-1.3566228407021954,-0.18027138233593085,-0.46406260750968653,2.05823929183909,-0.4009573517546355,0.4500641751983475,0.573493592367507
-0.40865209698242655,0.7371245492832738,0.3699371163226665,-0.46406260750968653,-0.4684268733151033,-0.3662730094482403,0.4500641751983475,0.573493592367507
0.8036824573987724,0.7371245492832738,0.03188254170566333,-0.46406260750968653,-0.4684268733151033,-0.4734977389611483,0.4500641751983475,-2.0108572795670807
-1.6209866513636255,0.7371245492832738,0.05553225994632516,-0.46406260750968653,-0.4684268733151033,-0.0922096628905027,-2.1538340887777094,-2.0108572795670807
0.8036824573987724,0.7371245492832738,0.05553225994632516,0.32513940653544915,-0.4684268733151033,-0.30867325525644457,0.4500641751983475,0.573493592367507
-0.40865209698242655,-1.3566228407021954,0.03188254170566333,-0.46406260750968653,-0.4684268733151033,-0.37835037726264903,-0.4086682310065224,-0.7186818435997869
0.8036824573987724,0.7371245492832738,0.03188254170566333,-0.46406260750968653,-0.4684268733151033,-0.4633564661102186,0.4500641751983475,0.573493592367507
-1.6209866513636255,-1.3566228407021954,1.8633601841102878,1.1143414205805848,-0.4684268733151033,0.34869230071206453,-2.2923393155849467,0.573493592367507
0.8036824573987724,0.7371245492832738,0.21273468813449584,-0.46406260750968653,-0.4684268733151033,-0.4605693812299703,0.4500641751983475,0.573493592367507
-0.40865209698242655,0.7371245492832738,1.7847589700162025,-0.46406260750968653,-0.4684268733151033,-0.3662730094482403,0.4500641751983475,0.573493592367507
-1.6209866513636255,0.7371245492832738,1.7847589700162025,0.32513940653544915,0.7949062092619934,0.8721217056753673,0.08995058549953111,0.573493592367507
0.8036824573987724,-1.3566228407021954,0.7629431867930931,0.32513940653544915,5.84823853957038,-0.026713168204670526,0.4500641751983475,0.573493592367507
-1.6209866513636255,-1.3566228407021954,-2.145301734688064,0.32513940653544915,2.05823929183909,2.208064391607661,-1.9045246805246827,0.573493592367507
0.8036824573987724,0.7371245492832738,1.15594925726352,-0.46406260750968653,-0.4684268733151033,-0.4605693812299703,0.4500641751983475,0.573493592367507
-0.40865209698242655,0.7371245492832738,1.7061577559221173,-0.46406260750968653,-0.4684268733151033,-0.3750987782356929,0.4500641751983475,0.573493592367507
-0.40865209698242655,0.7371245492832738,0.7629431867930931,-0.46406260750968653,-0.4684268733151033,-0.12472565316006479,0.4500641751983475,0.573493592367507
-1.6209866513636255,0.7371245492832738,1.3131516854516905,-0.46406260750968653,-0.4684268733151033,0.8637604510346227,-2.403143497030736,-2.0108572795670807
-1.6209866513636255,0.7371245492832738,-0.9662835232767842,-0.46406260750968653,2.05823929183909,1.4524540936104036,-1.4890090001029717,-2.0108572795670807
0.8036824573987724,0.7371245492832738,0.05553225994632516,-0.46406260750968653,-0.4684268733151033,-0.4582468104964302,0.4500641751983475,0.573493592367507
0.8036824573987724,-1.3566228407021954,-1.595093236029467,1.1143414205805848,2.05823929183909,0.0308865859871252,0.4500641751983475,0.573493592367507
0.8036824573987724,0.7371245492832738,-0.18027138233593085,-0.46406260750968653,-0.4684268733151033,-0.46296999034015746,0.4500641751983475,0.573493592367507
0.8036824573987724,0.7371245492832738,-0.6518786669004428,-0.46406260750968653,-0.4684268733151033,-0.4468662139020834,0.4500641751983475,0.573493592367507
0.8036824573987724,0.7371245492832738,0.03188254170566333,-0.46406260750968653,-0.4684268733151033,0.4419035674470847,0.4500641751983475,0.573493592367507
0.8036824573987724,0.7371245492832738,-0.2588725964300162,-0.46406260750968653,-0.4684268733151033,-0.4611119337533253,0.4500641751983475,0.573493592367507
0.8036824573987724,0.7371245492832738,-2.066700520593979,0.32513940653544915,0.7949062092619934,-0.31238936843010884,0.4500641751983475,0.573493592367507
-0.40865209698242655,0.7371245492832738,1.4703541136398612,-0.46406260750968653,-0.4684268733151033,-0.3662730094482403,0.4500641751983475,0.573493592367507
-1.6209866513636255,-1.3566228407021954,0.5271395445108372,-0.46406260750968653,-0.4684268733151033,1.9123230988513529,-1.8214215444403405,-2.0108572795670807
0.8036824573987724,-1.3566228407021954,0.03188254170566333,0.32513940653544915,-0.4684268733151033,-0.3198215947774373,0.4500641751983475,-0.7186818435997869
-0.40865209698242655,-1.3566228407021954,0.2520352951815385,-0.46406260750968653,-0.4684268733151033,-0.3662730094482403,-0.4086682310065224,0.573493592367507
-1.6209866513636255,-1.3566228407021954,0.2913359022285812,-0.46406260750968653,-0.4684268733151033,0.9993985818733674,-2.513947678476526,0.573493592367507
-0.40865209698242655,-1.3566228407021954,-0.5732774528063576,0.32513940653544915,2.05823929183909,0.16474469861568475,0.4500641751983475,-2.0108572795670807
0.8036824573987724,0.7371245492832738,-0.8090810950886135,-0.46406260750968653,-0.4684268733151033,-0.48240154612524777,0.4500641751983475,-0.7186818435997869
0.8036824573987724,0.7371245492832738,2.8065747532393117,-0.46406260750968653,-0.4684268733151033,-0.4633564661102186,0.4500641751983475,0.573493592367507
0.8036824573987724,0.7371245492832738,0.9987468290753492,-0.46406260750968653,0.7949062092619934,-0.4516655740658708,0.4500641751983475,0.573493592367507
-1.6209866513636255,-1.3566228407021954,0.8415444008871785,-0.46406260750968653,-0.4684268733151033,2.243599723830825,-2.04302990733192,0.573493592367507
0.8036824573987724,-1.3566228407021954,0.44853833041675184,0.32513940653544915,0.7949062092619934,-0.23156390690291165,0.4500641751983475,0.573493592367507
0.8036824573987724,-1.3566228407021954,-0.41607502461818685,-0.46406260750968653,-0.4684268733151033,-0.4433823578017732,0.4500641751983475,0.573493592367507
0.8036824573987724,0.7371245492832738,0.7629431867930931,-0.46406260750968653,-0.4684268733151033,-0.4605693812299703,0.4500641751983475,0.573493592367507
-0.40865209698242655,0.7371245492832738,0.2520352951815385,0.32513940653544915,-0.4684268733151033,-0.04908788562330291,0.4500641751983475,-2.0108572795670807
-0.40865209698242655,0.7371245492832738,-2.2239029487821496,1.1143414205805848,0.7949062092619934,0.11682170312811072,0.36696103911400524,0.573493592367507
0.8036824573987724,0.7371245492832738,0.3699371163226665,-0.46406260750968653,-0.4684268733151033,-0.487124725968975,0.4500641751983475,0.573493592367507
-1.6209866513636255,0.7371245492832738,2.7279735391452267,0.32513940653544915,4.584905456993283,4.278868457632058,-1.8768236351632352,0.573493592367507
0.8036824573987724,-1.3566228407021954,-0.3374738105241015,-0.46406260750968653,-0.4684268733151033,-0.4633564661102186,0.4500641751983475,0.573493592367507
0.8036824573987724,-1.3566228407021954,0.03188254170566333,-0.46406260750968653,-0.4684268733151033,-0.4582468104964302,0.4500641751983475,0.573493592367507
0.8036824573987724,0.7371245492832738,-2.2239029487821496,0.32513940653544915,2.05823929183909,-0.22552522299570726,0.4500641751983475,0.573493592367507
0.8036824573987724,0.7371245492832738,1.2345504713576052,-0.46406260750968653,-0.4684268733151033,-0.47822091880487544,0.4500641751983475,0.573493592367507
-0.40865209698242655,0.7371245492832738,0.13413347404041048,0.32513940653544915,0.7949062092619934,-0.12008051169298449,0.4500641751983475,0.573493592367507
0.8036824573987724,-1.3566228407021954,-0.6518786669004428,0.32513940653544915,-0.4684268733151033,-0.4252663060801601,0.4500641751983475,0.573493592367507
0.8036824573987724,0.7371245492832738,-0.3374738105241015,-0.46406260750968653,-0.4684268733151033,-0.4611119337533253,0.4500641751983475,0.573493592367507
-1.6209866513636255,-1.3566228407021954,-1.123485951464955,-0.46406260750968653,0.7949062092619934,3.318949973459915,-2.7355560413681053,0.573493592367507
0.8036824573987724,0.7371245492832738,-0.2588725964300162,-0.46406260750968653,-0.4684268733151033,-0.4612661524500324,0.4500641751983475,0.573493592367507
-0.40865209698242655,0.7371245492832738,0.05553225994632516,-0.46406260750968653,-0.4684268733151033,-0.41272442411904325,0.4500641751983475,0.573493592367507
-1.6209866513636255,-1.3566228407021954,-0.41607502461818685,-0.46406260750968653,-0.4684268733151033,0.6798128489382428,-2.9571644042596845,-2.0108572795670807
-0.40865209698242655,0.7371245492832738,0.44853833041675184,-0.46406260750968653,-0.4684268733151033,-0.41272442411904325,0.4500641751983475,0.573493592367507
-0.40865209698242655,0.7371245492832738,2.8065747532393117,-0.46406260750968653,-0.4684268733151033,-0.41272442411904325,0.4500641751983475,0.573493592367507
-1.6209866513636255,0.7371245492832738,0.03188254170566333,-0.46406260750968653,-0.4684268733151033,-0.6078203657364158,-3.178772767151264,0.573493592367507
0.8036824573987724,0.7371245492832738,-0.6518786669004428,-0.46406260750968653,-0.4684268733151033,-0.30867325525644457,0.4500641751983475,0.573493592367507
0.8036824573987724,-1.3566228407021954,-0.8876823091826989,-0.46406260750968653,0.7949062092619934,-0.43409207486761264,0.4500641751983475,0.573493592367507
0.8036824573987724,-1.3566228407021954,0.03188254170566333,-0.46406260750968653,-0.4684268733151033,-0.4566210109829521,0.4500641751983475,-0.7186818435997869
0.8036824573987724,0.7371245492832738,-2.2239029487821496,3.4819474627159916,2.05823929183909,0.2636081734878481,0.4500641751983475,0.573493592367507
0.8036824573987724,-1.3566228407021954,0.03188254170566333,5.849553504851398,2.05823929183909,0.6844579904053231,0.4500641751983475,0.573493592367507
0.8036824573987724,0.7371245492832738,-0.2588725964300162,-0.46406260750968653,-0.4684268733151033,0.4419035674470847,0.4500641751983475,0.573493592367507
0.8036824573987724,0.7371245492832738,-0.3374738105241015,0.32513940653544915,-0.4684268733151033,-0.4633564661102186,0.4500641751983475,0.573493592367507
-0.40865209698242655,0.7371245492832738,0.03188254170566333,-0.46406260750968653,-0.4684268733151033,-0.6078203657364158,0.4500641751983475,0.573493592367507
0.8036824573987724,0.7371245492832738,-0.7304798809945282,-0.46406260750968653,-0.4684268733151033,-0.4313049899873645,0.4500641751983475,0.573493592367507
-1.6209866513636255,-1.3566228407021954,1.9419613982043733,0.32513940653544915,-0.4684268733151033,0.8464192089097184,-0.9626891382354706,-2.0108572795670807
0.8036824573987724,0.7371245492832738,-0.5732774528063576,-0.46406260750968653,-0.4684268733151033,-0.4582468104964302,0.4500641751983475,0.573493592367507
-0.40865209698242655,0.7371245492832738,2.3349674686748,-0.46406260750968653,-0.4684268733151033,-0.3569827265140797,0.4500641751983475,0.573493592367507
-0.40865209698242655,-1.3566228407021954,1.9419613982043733,0.32513940653544915,3.3215723744161862,-0.18046735076502837,0.4500641751983475,0.573493592367507
-1.6209866513636255,0.7371245492832738,-0.18027138233593085,-0.46406260750968653,-0.4684268733151033,-0.04111310675261942,0.4500641751983475,0.573493592367507
-1.6209866513636255,0.7371245492832738,0.13413347404041048,0.32513940653544915,-0.4684268733151033,0.3583690594162862,-2.569349769199421,0.573493592367507
-1.6209866513636255,0.7371245492832738,-0.5732774528063576,-0.46406260750968653,-0.4684268733151033,1.9123230988513529,0.4500641751983475,-2.0108572795670807
-1.6209866513636255,0.7371245492832738,0.2913359022285812,-0.46406260750968653,-0.4684268733151033,-0.5149175363948099,-2.6801539506452103,0.573493592367507
0.8036824573987724,0.7371245492832738,-1.830896878311723,-0.46406260750968653,0.7949062092619934,-0.3760278065291089,-0.3532661402836275,0.573493592367507
0.8036824573987724,-1.3566228407021954,-1.9094980924058083,2.6927454486708564,2.05823929183909,-0.024622854544484377,0.4500641751983475,0.573493592367507
-1.6209866513636255,0.7371245492832738,0.7629431867930931,-0.46406260750968653,-0.4684268733151033,-0.6078203657364158,-3.317277993958501,0.573493592367507
0.8036824573987724,0.7371245492832738,-0.37677441757114416,-0.46406260750968653,-0.4684268733151033,-0.4582468104964302,0.4500641751983475,0.573493592367507
-0.40865209698242655,0.7371245492832738,1.9419613982043733,-0.46406260750968653,-0.4684268733151033,-0.3476924435799191,0.4500641751983475,0.573493592367507
0.8036824573987724,0.7371245492832738,0.03188254170566333,-0.46406260750968653,-0.4684268733151033,-0.4675370934305908,0.4500641751983475,0.573493592367507
0.8036824573987724,0.7371245492832738,0.03188254170566333,-0.46406260750968653,-0.4684268733151033,-0.4611119337533253,0.4500641751983475,0.573493592367507
0.8036824573987724,0.7371245492832738,0.05553225994632516,-0.46406260750968653,-0.4684268733151033,-0.4734977389611483,0.4500641751983475,-2.0108572795670807
0.8036824573987724,-1.3566228407021954,0.03188254170566333,-0.46406260750968653,-0.4684268733151033,-0.46142037114673945,0.4500641751983475,-0.7186818435997869
-1.6209866513636255,-1.3566228407021954,0.44853833041675184,-0.46406260750968653,-0.4684268733151033,8.911546081127886,0.4500641751983475,-2.0108572795670807
-1.6209866513636255,-1.3566228407021954,-0.6518786669004428,-0.46406260750968653,-0.4684268733151033,0.8406889623959282,-0.4640703217294172,0.573493592367507
-1.6209866513636255,0.7371245492832738,0.21273468813449584,-0.46406260750968653,-0.4684268733151033,-0.04111310675261942,-2.707854996006658,-2.0108572795670807
0.8036824573987724,0.7371245492832738,-1.0448847373708696,-0.46406260750968653,-0.4684268733151033,-0.4313049899873645,0.4500641751983475,0.573493592367507
0.8036824573987724,-1.3566228407021954,-0.5732774528063576,-0.46406260750968653,-0.4684268733151033,-0.47311126319108715,0.4500641751983475,0.573493592367507
0.8036824573987724,0.7371245492832738,0.03188254170566333,-0.46406260750968653,-0.4684268733151033,-0.4611119337533253,0.4500641751983475,0.573493592367507
-1.6209866513636255,0.7371245492832738,0.6843419726990079,0.32513940653544915,-0.4684268733151033,1.0644305624124915,-1.2119985464884975,0.573493592367507
0.8036824573987724,0.7371245492832738,0.03188254170566333,5.849553504851398,2.05823929183909,0.6844579904053231,0.4500641751983475,0.573493592367507
-0.40865209698242655,0.7371245492832738,-0.3374738105241015,0.32513940653544915,-0.4684268733151033,-0.12472565316006479,0.4500641751983475,0.573493592367507
-0.40865209698242655,-1.3566228407021954,0.2913359022285812,0.32513940653544915,2.05823929183909,-0.0922096628905027,0.4500641751983475,0.573493592367507
0.8036824573987724,-1.3566228407021954,0.03188254170566333,0.32513940653544915,-0.4684268733151033,-0.30867325525644457,0.4500641751983475,0.573493592367507
-1.6209866513636255,0.7371245492832738,-0.8876823091826989,0.32513940653544915,-0.4684268733151033,1.4156032573237622,-1.5721121361873138,-2.0108572795670807
0.8036824573987724,0.7371245492832738,0.03188254170566333,0.32513940653544915,-0.4684268733151033,-0.30867325525644457,0.4500641751983475,0.573493592367507
0.8036824573987724,0.7371245492832738,0.03188254170566333,-0.46406260750968653,-0.4684268733151033,-0.4611119337533253,0.4500641751983475,0.573493592367507
0.8036824573987724,0.7371245492832738,-2.145301734688064,2.6927454486708564,0.7949062092619934,0.12959584216258152,0.4500641751983475,0.573493592367507
0.8036824573987724,0.7371245492832738,-2.269491652956719,-0.46406260750968653,0.7949062092619934,-0.4495752604056847,0.4500641751983475,-2.0108572795670807
-0.40865209698242655,0.7371245492832738,-0.2588725964300162,-0.46406260750968653,-0.4684268733151033,-0.41272442411904325,0.4500641751983475,0.573493592367507
0.8036824573987724,0.7371245492832738,0.9201456149812639,-0.46406260750968653,-0.4684268733151033,-0.4754338339246273,0.4500641751983475,0.573493592367507
-1.6209866513636255,0.7371245492832738,1.4703541136398612,0.32513940653544915,-0.4684268733151033,0.8178515888871748,-0.8241839114282336,-2.0108572795670807
-0.40865209698242655,-1.3566228407021954,1.4703541136398612,0.32513940653544915,2.05823929183909,0.5999164157044617,0.4500641751983475,0.573493592367507
-1.6209866513636255,-1.3566228407021954,1.4703541136398612,0.32513940653544915,-0.4684268733151033,0.12797004264910344,-3.566587402211528,-2.0108572795670807
0.8036824573987724,0.7371245492832738,-1.9880993064998935,2.6927454486708564,2.05823929183909,-0.026713168204670526,0.4500641751983475,0.573493592367507
-1.6209866513636255,-1.3566228407021954,0.7629431867930931,0.32513940653544915,-0.4684268733151033,0.4308332663027388,-0.07625568666915339,0.573493592367507
0.8036824573987724,-1.3566228407021954,0.2913359022285812,1.9035434346257205,-0.4684268733151033,-0.31331839672352485,0.4500641751983475,0.573493592367507
-0.40865209698242655,0.7371245492832738,-0.023068954147760175,-0.46406260750968653,-0.4684268733151033,-0.41272442411904325,0.4500641751983475,0.573493592367507
-1.6209866513636255,0.7371245492832738,1.5489553277339465,0.32513940653544915,0.7949062092619934,1.4524540936104036,-1.5444110908258664,-2.0108572795670807
0.8036824573987724,0.7371245492832738,0.03188254170566333,5.849553504851398,2.05823929183909,0.6844579904053231,0.4500641751983475,0.573493592367507
0.8036824573987724,0.7371245492832738,0.03188254170566333,-0.46406260750968653,-0.4684268733151033,-0.4734977389611483,0.4500641751983475,-2.0108572795670807
-1.6209866513636255,0.7371245492832738,0.9987468290753492,0.32513940653544915,-0.4684268733151033,0.3583690594162862,0.4500641751983475,0.573493592367507
-1.6209866513636255,-1.3566228407021954,0.5271395445108372,-0.46406260750968653,2.05823929183909,0.7113998109143889,-3.0679685857054744,0.573493592367507
-1.6209866513636255,0.7371245492832738,2.4921698968629706,-0.46406260750968653,-0.4684268733151033,0.014628590852344154,-3.123370676428369,0.573493592367507
0.8036824573987724,-1.3566228407021954,-0.8876823091826989,-0.46406260750968653,-0.4684268733151033,-0.48240154612524777,0.4500641751983475,-0.7186818435997869
0.8036824573987724,-1.3566228407021954,-0.8876823091826989,-0.46406260750968653,-0.4684268733151033,-0.4685441601006538,0.4500641751983475,0.573493592367507
-0.40865209698242655,0.7371245492832738,-2.2498413494331975,0.32513940653544915,0.7949062092619934,-0.3384021606457585,0.4500641751983475,0.573493592367507
0.8036824573987724,0.7371245492832738,0.21273468813449584,-0.46406260750968653,-0.4684268733151033,0.4419035674470847,0.4500641751983475,0.573493592367507
0.8036824573987724,0.7371245492832738,0.03188254170566333,-0.46406260750968653,-0.4684268733151033,-0.4582468104964302,0.4500641751983475,0.573493592367507
0.8036824573987724,0.7371245492832738,0.03188254170566333,-0.46406260750968653,-0.4684268733151033,-0.4582468104964302,0.4500641751983475,0.573493592367507
0.8036824573987724,-1.3566228407021954,0.03188254170566333,0.32513940653544915,-0.4684268733151033,-0.33925315056252764,0.4500641751983475,-2.0108572795670807
0.8036824573987724,0.7371245492832738,-1.0448847373708696,-0.46406260750968653,-0.4684268733151033,-0.4582468104964302,0.4500641751983475,0.573493592367507
-1.6209866513636255,0.7371245492832738,0.13413347404041048,0.32513940653544915,-0.4684268733151033,0.4512718887578922,-3.095669631066922,0.573493592367507
-1.6209866513636255,0.7371245492832738,1.4703541136398612,-0.46406260750968653,-0.4684268733151033,-0.11450634193248813,-0.3809671856450749,0.573493592367507
0.8036824573987724,0.7371245492832738,-0.5732774528063576,-0.46406260750968653,-0.4684268733151033,-0.47357577733779516,0.4500641751983475,-2.0108572795670807
0.8036824573987724,-1.3566228407021954,-1.2806883796531257,-0.46406260750968653,-0.4684268733151033,-0.4734977389611483,0.4500641751983475,-2.0108572795670807
0.8036824573987724,0.7371245492832738,0.21273468813449584,0.32513940653544915,-0.4684268733151033,-0.31331839672352485,0.4500641751983475,0.573493592367507
0.8036824573987724,0.7371245492832738,-0.10167016824184551,1.1143414205805848,-0.4684268733151033,-0.4605693812299703,0.4500641751983475,0.573493592367507
-0.40865209698242655,0.7371245492832738,1.3131516854516905,-0.46406260750968653,-0.4684268733151033,-0.12472565316006479,0.4500641751983475,0.573493592367507
0.8036824573987724,0.7371245492832738,-0.10167016824184551,-0.46406260750968653,-0.4684268733151033,-0.46296999034015746,0.4500641751983475,0.573493592367507
-0.40865209698242655,0.7371245492832738,0.9987468290753492,0.32513940653544915,-0.4684268733151033,-0.1061450872917436,0.4500641751983475,0.573493592367507
0.8036824573987724,0.7371245492832738,0.44853833041675184,-0.46406260750968653,-0.4684268733151033,-0.4582468104964302,0.4500641751983475,0.573493592367507
0.8036824573987724,-1.3566228407021954,-2.145301734688064,1.9035434346257205,2.05823929183909,-0.08942257801025455,0.4500641751983475,0.573493592367507
0.8036824573987724,-1.3566228407021954,0.13413347404041048,-0.46406260750968653,-0.4684268733151033,-0.4464797381320224,0.4500641751983475,0.573493592367507
0.8036824573987724,-1.3566228407021954,0.03188254170566333,0.32513940653544915,-0.4684268733151033,-0.3198215947774373,0.4500641751983475,-0.7186818435997869
0.8036824573987724,0.7371245492832738,0.03188254170566333,-0.46406260750968653,-0.4684268733151033,-0.4611119337533253,0.4500641751983475,0.573493592367507
-0.40865209698242655,-1.3566228407021954,-0.8090810950886135,0.32513940653544915,-0.4684268733151033,-0.12472565316006479,0.4500641751983475,0.573493592367507
0.8036824573987724,0.7371245492832738,-0.7304798809945282,-0.46406260750968653,-0.4684268733151033,-0.4468662139020834,0.4500641751983475,0.573493592367507
0.8036824573987724,0.7371245492832738,-1.2020871655590402,3.4819474627159916,2.05823929183909,0.2636081734878481,0.4500641751983475,0.573493592367507
-0.40865209698242655,-1.3566228407021954,0.3699371163226665,-0.46406260750968653,0.7949062092619934,-0.18046735076502837,0.4500641751983475,0.573493592367507
0.8036824573987724,-1.3566228407021954,0.03188254170566333,-0.46406260750968653,-0.4684268733151033,-0.46405323733028053,0.4500641751983475,-0.7186818435997869
0.8036824573987724,-1.3566228407021954,0.03188254170566333,-0.46406260750968653,-0.4684268733151033,-0.46382098025692653,0.4500641751983475,-0.7186818435997869
0.8036824573987724,0.7371245492832738,1.7061577559221173,-0.46406260750968653,-0.4684268733151033,-0.46382098025692653,0.4500641751983475,0.573493592367507
0.8036824573987724,-1.3566228407021954,0.03188254170566333,-0.46406260750968653,-0.4684268733151033,-0.46606551261381973,0.4500641751983475,-0.7186818435997869
0.8036824573987724,-1.3566228407021954,0.03188254170566333,-0.46406260750968653,-0.4684268733151033,-0.46382098025692653,0.4500641751983475,-0.7186818435997869
0.8036824573987724,-1.3566228407021954,0.03188254170566333,-0.46406260750968653,-0.4684268733151033,-0.46382098025692653,0.4500641751983475,-0.7186818435997869
0.8036824573987724,0.7371245492832738,-0.10167016824184551,-0.46406260750968653,-0.4684268733151033,-0.4313049899873645,0.4500641751983475,0.573493592367507
-0.40865209698242655,0.7371245492832738,-0.3374738105241015,-0.46406260750968653,-0.4684268733151033,-0.3662730094482403,0.4500641751983475,0.573493592367507
-1.6209866513636255,0.7371245492832738,-0.8090810950886135,1.9035434346257205,2.05823929183909,4.278868457632058,-1.8768236351632352,0.573493592367507
0.8036824573987724,0.7371245492832738,0.44853833041675184,-0.46406260750968653,-0.4684268733151033,-0.4611119337533253,0.4500641751983475,-2.0108572795670807
-1.6209866513636255,-1.3566228407021954,0.44853833041675184,0.32513940653544915,-0.4684268733151033,0.9431923701216957,-1.4059058640186293,0.573493592367507
0.8036824573987724,0.7371245492832738,-1.595093236029467,0.32513940653544915,0.7949062092619934,-0.31238936843010884,0.4500641751983475,0.573493592367507
0.8036824573987724,0.7371245492832738,-0.7304798809945282,-0.46406260750968653,-0.4684268733151033,-0.533265845189777,0.4500641751983475,-2.0108572795670807
-0.40865209698242655,0.7371245492832738,0.9987468290753492,-0.46406260750968653,-0.4684268733151033,-0.3662730094482403,0.4500641751983475,0.573493592367507
-0.40865209698242655,0.7371245492832738,0.05553225994632516,-0.46406260750968653,-0.4684268733151033,-0.3662730094482403,0.4500641751983475,0.573493592367507
-0.40865209698242655,0.7371245492832738,0.03188254170566333,-0.46406260750968653,-0.4684268733151033,-0.6078203657364158,0.4500641751983475,0.573493592367507
0.8036824573987724,0.7371245492832738,-0.6518786669004428,-0.46406260750968653,-0.4684268733151033,-0.46296999034015746,0.4500641751983475,0.573493592367507
0.8036824573987724,0.7371245492832738,1.391752899545776,-0.46406260750968653,-0.4684268733151033,-0.47311126319108715,0.4500641751983475,0.573493592367507
-1.6209866513636255,-1.3566228407021954,-0.3374738105241015,0.32513940653544915,2.05823929183909,2.208064391607661,-1.9045246805246827,0.573493592367507
0.8036824573987724,0.7371245492832738,-1.0448847373708696,-0.46406260750968653,-0.4684268733151033,-0.43656886429785985,0.4500641751983475,0.573493592367507
-1.6209866513636255,0.7371245492832738,1.2345504713576052,0.32513940653544915,-0.4684268733151033,0.9431923701216957,-1.4059058640186293,0.573493592367507
0.8036824573987724,0.7371245492832738,0.6843419726990079,-0.46406260750968653,-0.4684268733151033,-0.4468662139020834,0.4500641751983475,0.573493592367507
-1.6209866513636255,0.7371245492832738,2.099163826392544,-0.46406260750968653,-0.4684268733151033,0.051789722588986536,-3.4280821754042905,-2.0108572795670807
0.8036824573987724,-1.3566228407021954,0.03188254170566333,0.32513940653544915,0.7949062092619934,-0.19239049988273008,0.20075476694532077,-2.0108572795670807
-1.6209866513636255,0.7371245492832738,0.13413347404041048,-0.46406260750968653,-0.4684268733151033,0.33042017223715753,-3.455783220765738,0.573493592367507
-1.6209866513636255,-1.3566228407021954,0.05553225994632516,-0.46406260750968653,-0.4684268733151033,1.1294625429516156,-2.5416487238379735,0.573493592367507
-1.6209866513636255,0.7371245492832738,0.03188254170566333,-0.46406260750968653,-0.4684268733151033,-0.09275221541385767,0.4500641751983475,-2.0108572795670807
0.8036824573987724,-1.3566228407021954,-1.2020871655590402,-0.46406260750968653,-0.4684268733151033,-0.4618848852934475,0.4500641751983475,0.573493592367507
0.8036824573987724,-1.3566228407021954,-1.0448847373708696,-0.46406260750968653,-0.4684268733151033,-0.4641312757069275,0.4500641751983475,-0.7186818435997869
0.8036824573987724,-1.3566228407021954,0.8415444008871785,0.32513940653544915,-0.4684268733151033,-0.43176950413407245,0.4500641751983475,0.573493592367507
-1.6209866513636255,0.7371245492832738,2.0205626122984586,-0.46406260750968653,-0.4684268733151033,-0.04111310675261942,-1.849122589801788,0.573493592367507
0.8036824573987724,0.7371245492832738,-0.8090810950886135,-0.46406260750968653,-0.4684268733151033,-0.4633564661102186,0.4500641751983475,0.573493592367507
-1.6209866513636255,0.7371245492832738,1.2345504713576052,-0.46406260750968653,-0.4684268733151033,-0.11450634193248813,0.4500641751983475,0.573493592367507
-1.6209866513636255,-1.3566228407021954,0.5271395445108372,0.32513940653544915,2.05823929183909,1.6218475384621274,-2.320040360946394,0.573493592367507
0.8036824573987724,-1.3566228407021954,-0.18027138233593085,-0.46406260750968653,-0.4684268733151033,-0.4605693812299703,0.4500641751983475,0.573493592367507
-1.6209866513636255,-1.3566228407021954,1.5489553277339465,0.32513940653544915,-0.4684268733151033,0.8178515888871748,-0.8241839114282336,-2.0108572795670807
-1.6209866513636255,-1.3566228407021954,0.9201456149812639,-0.46406260750968653,-0.4684268733151033,1.8912657435527847,-0.1039567320306008,-2.0108572795670807
-1.6209866513636255,0.7371245492832738,-0.8090810950886135,0.32513940653544915,-0.4684268733151033,0.37880768187143954,-0.851884956789681,0.573493592367507
0.8036824573987724,0.7371245492832738,0.2913359022285812,-0.46406260750968653,-0.4684268733151033,-0.4633564661102186,0.4500641751983475,0.573493592367507
-1.6209866513636255,0.7371245492832738,-0.18027138233593085,0.32513940653544915,-0.4684268733151033,0.37880768187143954,0.17305372158387336,0.573493592367507
-1.6209866513636255,0.7371245492832738,0.03188254170566333,-0.46406260750968653,-0.4684268733151033,-0.09275221541385767,0.4500641751983475,-2.0108572795670807
-1.6209866513636255,0.7371245492832738,0.44853833041675184,-0.46406260750968653,-0.4684268733151033,-0.11938374047292243,-0.2978640495607327,0.573493592367507
0.8036824573987724,-1.3566228407021954,-0.023068954147760175,0.32513940653544915,0.7949062092619934,-0.4134211953391054,0.39466208447545265,0.573493592367507
-0.40865209698242655,-1.3566228407021954,0.05553225994632516,1.9035434346257205,-0.4684268733151033,-0.21762848250167074,0.4500641751983475,0.573493592367507
0.8036824573987724,0.7371245492832738,0.3699371163226665,-0.46406260750968653,-0.4684268733151033,-0.4582468104964302,0.4500641751983475,0.573493592367507
0.8036824573987724,0.7371245492832738,-0.023068954147760175,-0.46406260750968653,-0.4684268733151033,-0.4611119337533253,0.4500641751983475,-2.0108572795670807
-1.6209866513636255,-1.3566228407021954,-0.8090810950886135,-0.46406260750968653,-0.4684268733151033,-0.05040338968678002,-2.790958132091,0.573493592367507
-1.6209866513636255,-1.3566228407021954,0.44853833041675184,-0.46406260750968653,-0.4684268733151033,1.9123230988513529,-1.1565964557656025,0.573493592367507
0.8036824573987724,0.7371245492832738,0.03188254170566333,5.849553504851398,2.05823929183909,0.6844579904053231,0.4500641751983475,0.573493592367507
-0.40865209698242655,-1.3566228407021954,0.8415444008871785,-0.46406260750968653,-0.4684268733151033,-0.31517645331035704,0.4500641751983475,0.573493592367507
-1.6209866513636255,0.7371245492832738,2.5707711109570557,-0.46406260750968653,-0.4684268733151033,-0.11450634193248813,0.4500641751983475,0.573493592367507
0.8036824573987724,-1.3566228407021954,-0.3374738105241015,0.32513940653544915,-0.4684268733151033,-0.4605693812299703,0.4500641751983475,0.573493592367507
0.8036824573987724,0.7371245492832738,-0.2588725964300162,-0.46406260750968653,-0.4684268733151033,-0.4582468104964302,0.4500641751983475,0.573493592367507
0.8036824573987724,-1.3566228407021954,-0.8876823091826989,-0.46406260750968653,0.7949062092619934,-0.33925315056252764,0.4500641751983475,-2.0108572795670807
-0.40865209698242655,0.7371245492832738,0.3699371163226665,0.32513940653544915,-0.4684268733151033,-0.21762848250167074,0.4500641751983475,0.573493592367507
0.8036824573987724,0.7371245492832738,1.4703541136398612,-0.46406260750968653,-0.4684268733151033,-0.4618848852934475,0.4500641751983475,0.573493592367507
0.8036824573987724,0.7371245492832738,-0.10167016824184551,-0.46406260750968653,-0.4684268733151033,-0.4611119337533253,0.4500641751983475,0.573493592367507
0.8036824573987724,0.7371245492832738,-0.41607502461818685,1.1143414205805848,-0.4684268733151033,-0.159099700016459,0.4500641751983475,0.573493592367507
-0.40865209698242655,-1.3566228407021954,-0.9662835232767842,-0.46406260750968653,-0.4684268733151033,-0.3848535753165615,0.4500641751983475,-2.0108572795670807
-1.6209866513636255,-1.3566228407021954,0.6843419726990079,0.32513940653544915,-0.4684268733151033,0.7166636852248842,-1.3782048186571818,-2.0108572795670807
0.8036824573987724,0.7371245492832738,0.03188254170566333,-0.46406260750968653,-0.4684268733151033,-0.4734977389611483,0.4500641751983475,-2.0108572795670807
0.8036824573987724,0.7371245492832738,0.8415444008871785,-0.46406260750968653,-0.4684268733151033,-0.4611119337533253,0.4500641751983475,0.573493592367507
0.8036824573987724,0.7371245492832738,-0.5732774528063576,-0.46406260750968653,-0.4684268733151033,-0.44059527292152506,0.4500641751983475,0.573493592367507
0.8036824573987724,-1.3566228407021954,-2.145301734688064,-0.46406260750968653,0.7949062092619934,-0.4134211953391054,0.39466208447545265,0.573493592367507
-1.6209866513636255,0.7371245492832738,-0.10167016824184551,0.32513940653544915,-0.4684268733151033,0.9189595961162312,0.4500641751983475,-2.0108572795670807
0.8036824573987724,0.7371245492832738,-0.8876823091826989,-0.46406260750968653,-0.4684268733151033,-0.46382098025692653,0.4500641751983475,0.573493592367507
0.8036824573987724,0.7371245492832738,-0.10167016824184551,-0.46406260750968653,-0.4684268733151033,-0.18929311955248096,0.4500641751983475,0.573493592367507
-0.40865209698242655,-1.3566228407021954,-0.8090810950886135,-0.46406260750968653,-0.4684268733151033,-0.12472565316006479,0.4500641751983475,0.573493592367507
0.8036824573987724,0.7371245492832738,0.03188254170566333,-0.46406260750968653,-0.4684268733151033,-0.4582468104964302,0.4500641751983475,0.573493592367507
-1.6209866513636255,-1.3566228407021954,2.413568682768885,0.32513940653544915,-0.4684268733151033,0.790367215854754,-0.7410807753438914,-2.0108572795670807
0.8036824573987724,0.7371245492832738,-0.7304798809945282,-0.46406260750968653,-0.4684268733151033,-0.4618848852934475,0.4500641751983475,0.573493592367507
-1.6209866513636255,0.7371245492832738,1.2345504713576052,-0.46406260750968653,-0.4684268733151033,0.051789722588986536,0.4223631298369001,0.573493592367507
0.8036824573987724,-1.3566228407021954,0.03188254170566333,-0.46406260750968653,-0.4684268733151033,-0.4582468104964302,0.4500641751983475,0.573493592367507
-0.40865209698242655,-1.3566228407021954,-0.41607502461818685,-0.46406260750968653,-0.4684268733151033,-0.3662730094482403,0.3115589483911104,0.573493592367507
0.8036824573987724,0.7371245492832738,0.03188254170566333,-0.46406260750968653,-0.4684268733151033,-0.46382098025692653,0.33925999375255783,-0.7186818435997869
0.8036824573987724,-1.3566228407021954,0.03188254170566333,0.32513940653544915,-0.4684268733151033,-0.3198215947774373,0.4500641751983475,-0.7186818435997869
0.8036824573987724,0.7371245492832738,0.7629431867930931,0.32513940653544915,5.84823853957038,-0.026713168204670526,0.4500641751983475,0.573493592367507
0.8036824573987724,-1.3566228407021954,-0.2588725964300162,-0.46406260750968653,-0.4684268733151033,-0.4618848852934475,0.4500641751983475,0.573493592367507
-0.40865209698242655,-1.3566228407021954,-0.41607502461818685,1.1143414205805848,0.7949062092619934,-0.1061450872917436,0.4500641751983475,0.573493592367507
-0.40865209698242655,-1.3566228407021954,0.5271395445108372,-0.46406260750968653,-0.4684268733151033,-0.3662730094482403,0.4500641751983475,0.573493592367507
-1.6209866513636255,0.7371245492832738,0.6057407586049225,-0.46406260750968653,0.7949062092619934,-0.05597755944727639,-2.126133043416262,-2.0108572795670807
-1.6209866513636255,-1.3566228407021954,0.03188254170566333,-0.46406260750968653,0.7949062092619934,0.4141107570212498,-0.21476091347639045,0.573493592367507
-0.40865209698242655,0.7371245492832738,-0.10167016824184551,-0.46406260750968653,-0.4684268733151033,-0.41272442411904325,0.4500641751983475,0.573493592367507
0.8036824573987724,0.7371245492832738,-0.8090810950886135,-0.46406260750968653,-0.4684268733151033,-0.4611119337533253,0.4500641751983475,0.573493592367507
0.8036824573987724,0.7371245492832738,1.0773480431694344,-0.46406260750968653,-0.4684268733151033,-0.4879757158857441,0.4500641751983475,0.573493592367507
-1.6209866513636255,0.7371245492832738,-0.3374738105241015,0.32513940653544915,-0.4684268733151033,1.0844827090975837,-2.7632570867295527,-2.0108572795670807
0.8036824573987724,0.7371245492832738,1.391752899545776,-0.46406260750968653,-0.4684268733151033,-0.44059527292152506,0.4500641751983475,0.573493592367507
-1.6209866513636255,-1.3566228407021954,-1.0448847373708696,-0.46406260750968653,-0.4684268733151033,0.9993985818733674,-2.458545587753631,0.573493592367507
-0.40865209698242655,0.7371245492832738,-2.2372651551781444,0.32513940653544915,0.7949062092619934,-0.2594347557053934,0.4500641751983475,0.573493592367507
0.8036824573987724,0.7371245492832738,-0.5732774528063576,-0.46406260750968653,-0.4684268733151033,-0.4754338339246273,0.4500641751983475,0.573493592367507
0.8036824573987724,0.7371245492832738,-0.8090810950886135,-0.46406260750968653,-0.4684268733151033,-0.4611119337533253,0.4500641751983475,0.573493592367507
-0.40865209698242655,0.7371245492832738,-0.10167016824184551,-0.46406260750968653,-0.4684268733151033,-0.3569827265140797,0.4500641751983475,0.573493592367507
0.8036824573987724,0.7371245492832738,-1.2020871655590402,2.6927454486708564,0.7949062092619934,0.12959584216258152,0.4500641751983475,0.573493592367507
0.8036824573987724,0.7371245492832738,0.5271395445108372,-0.46406260750968653,-0.4684268733151033,-0.4611119337533253,0.4500641751983475,0.573493592367507
-1.6209866513636255,0.7371245492832738,-0.023068954147760175,-0.46406260750968653,-0.4684268733151033,-0.05040338968678002,-0.519472412452312,0.573493592367507
0.8036824573987724,0.7371245492832738,0.9987468290753492,-0.46406260750968653,-0.4684268733151033,-0.4656790368437587,0.22845581230676817,0.573493592367507
-1.6209866513636255,0.7371245492832738,0.03188254170566333,-0.46406260750968653,-0.4684268733151033,0.3583690594162862,-3.5942884475729753,0.573493592367507
-1.6209866513636255,0.7371245492832738,-0.18027138233593085,-0.46406260750968653,-0.4684268733151033,0.8178515888871748,-0.6025755485366543,-2.0108572795670807
0.8036824573987724,0.7371245492832738,-0.023068954147760175,-0.46406260750968653,-0.4684268733151033,-0.46382098025692653,0.4500641751983475,-0.7186818435997869
-0.40865209698242655,-1.3566228407021954,-1.9094980924058083,0.32513940653544915,2.05823929183909,-0.0922096628905027,0.4500641751983475,0.573493592367507
0.8036824573987724,-1.3566228407021954,-0.5732774528063576,-0.46406260750968653,-0.4684268733151033,-0.4250340490068061,0.4500641751983475,0.573493592367507
0.8036824573987724,0.7371245492832738,0.03188254170566333,-0.46406260750968653,-0.4684268733151033,-0.46382098025692653,0.4500641751983475,-0.7186818435997869
-0.40865209698242655,-1.3566228407021954,0.05553225994632516,-0.46406260750968653,-0.4684268733151033,-0.3662730094482403,0.4500641751983475,0.573493592367507
-1.6209866513636255,0.7371245492832738,2.5707711109570557,-0.46406260750968653,-0.4684268733151033,-0.11450634193248813,-1.322802727934287,0.573493592367507
-0.40865209698242655,0.7371245492832738,0.3699371163226665,-0.46406260750968653,-0.4684268733151033,-0.3662730094482403,-0.5471734578137595,0.573493592367507
0.8036824573987724,0.7371245492832738,-0.10167016824184551,-0.46406260750968653,-0.4684268733151033,-0.4611119337533253,0.4500641751983475,0.573493592367507
0.8036824573987724,0.7371245492832738,0.03188254170566333,-0.46406260750968653,-0.4684268733151033,-0.46382098025692653,0.4500641751983475,-0.7186818435997869
0.8036824573987724,0.7371245492832738,1.15594925726352,-0.46406260750968653,0.7949062092619934,-0.30867325525644457,0.4500641751983475,0.573493592367507
0.8036824573987724,-1.3566228407021954,1.2345504713576052,-0.46406260750968653,-0.4684268733151033,-0.46382098025692653,0.4500641751983475,0.573493592367507
-0.40865209698242655,0.7371245492832738,-0.8090810950886135,-0.46406260750968653,-0.4684268733151033,-0.3662730094482403,0.4500641751983475,0.573493592367507
-0.40865209698242655,0.7371245492832738,-0.8876823091826989,-0.46406260750968653,-0.4684268733151033,0.7578512255851919,0.4500641751983475,0.573493592367507
0.8036824573987724,0.7371245492832738,0.13413347404041048,-0.46406260750968653,-0.4684268733151033,-0.4633564661102186,0.4500641751983475,0.573493592367507
-0.40865209698242655,0.7371245492832738,0.03188254170566333,-0.46406260750968653,-0.4684268733151033,-0.6078203657364158,0.4500641751983475,0.573493592367507
0.8036824573987724,0.7371245492832738,-0.6518786669004428,-0.46406260750968653,-0.4684268733151033,-0.47311126319108715,0.4500641751983475,0.573493592367507
-0.40865209698242655,0.7371245492832738,-0.3374738105241015,-0.46406260750968653,-0.4684268733151033,-0.3662730094482403,0.4500641751983475,0.573493592367507
0.8036824573987724,0.7371245492832738,0.21273468813449584,-0.46406260750968653,-0.4684268733151033,-0.4524403836625798,0.4500641751983475,0.573493592367507
-0.40865209698242655,0.7371245492832738,0.05553225994632516,0.32513940653544915,-0.4684268733151033,-0.1618867848967072,0.4500641751983475,-2.0108572795670807
0.8036824573987724,0.7371245492832738,0.8415444008871785,-0.46406260750968653,-0.4684268733151033,-0.47357577733779516,0.4500641751983475,-2.0108572795670807
0.8036824573987724,0.7371245492832738,0.2913359022285812,-0.46406260750968653,-0.4684268733151033,-0.4611119337533253,0.4500641751983475,-2.0108572795670807
0.8036824573987724,0.7371245492832738,0.5271395445108372,-0.46406260750968653,-0.4684268733151033,-0.4685441601006538,0.4500641751983475,0.573493592367507
-1.6209866513636255,-1.3566228407021954,1.391752899545776,0.32513940653544915,0.7949062092619934,0.36866640902050984,-0.7964828660667862,0.573493592367507
-0.40865209698242655,0.7371245492832738,0.3699371163226665,0.32513940653544915,-0.4684268733151033,-0.12472565316006479,0.4500641751983475,0.573493592367507
0.8036824573987724,0.7371245492832738,-0.8090810950886135,-0.46406260750968653,-0.4684268733151033,-0.4582468104964302,0.4500641751983475,0.573493592367507
0.8036824573987724,0.7371245492832738,0.03188254170566333,-0.46406260750968653,-0.4684268733151033,-0.4582468104964302,0.4500641751983475,0.573493592367507
-0.40865209698242655,-1.3566228407021954,1.6275565418280318,-0.46406260750968653,-0.4684268733151033,-0.41272442411904325,0.4500641751983475,0.573493592367507
0.8036824573987724,-1.3566228407021954,0.03188254170566333,1.1143414205805848,-0.4684268733151033,-0.17582220929794806,0.4500641751983475,-0.7186818435997869
0.8036824573987724,0.7371245492832738,0.03188254170566333,0.32513940653544915,-0.4684268733151033,-0.46382098025692653,0.4500641751983475,-0.7186818435997869
-0.40865209698242655,0.7371245492832738,0.03188254170566333,-0.46406260750968653,-0.4684268733151033,-0.6078203657364158,0.4500641751983475,0.573493592367507
0.8036824573987724,0.7371245492832738,0.03188254170566333,-0.46406260750968653,-0.4684268733151033,-0.4582468104964302,0.4500641751983475,0.573493592367507
0.8036824573987724,0.7371245492832738,0.44853833041675184,-0.46406260750968653,-0.4684268733151033,-0.4582468104964302,0.4500641751983475,0.573493592367507
-0.40865209698242655,0.7371245492832738,0.44853833041675184,-0.46406260750968653,-0.4684268733151033,-0.12472565316006479,0.4500641751983475,0.573493592367507
-1.6209866513636255,-1.3566228407021954,-0.8876823091826989,0.32513940653544915,-0.4684268733151033,3.619722883453364,-1.5998131815487613,-2.0108572795670807
0.8036824573987724,-1.3566228407021954,-1.0448847373708696,3.4819474627159916,2.05823929183909,0.2636081734878481,0.4500641751983475,0.573493592367507
0.8036824573987724,-1.3566228407021954,-0.6518786669004428,-0.46406260750968653,-0.4684268733151033,-0.4656790368437587,0.4500641751983475,0.573493592367507
-1.6209866513636255,0.7371245492832738,0.03188254170566333,-0.46406260750968653,-0.4684268733151033,-0.03182282381845883,0.4500641751983475,0.573493592367507
0.8036824573987724,0.7371245492832738,0.9201456149812639,1.1143414205805848,-0.4684268733151033,-0.34568016829637993,0.4500641751983475,0.573493592367507
-1.6209866513636255,-1.3566228407021954,-1.2020871655590402,0.32513940653544915,2.05823929183909,1.6218475384621274,-2.320040360946394,0.573493592367507
-1.6209866513636255,0.7371245492832738,-0.6518786669004428,-0.46406260750968653,0.7949062092619934,0.8282251188114582,-0.9072870475125758,0.573493592367507
